Device pool: ['cuda:0']  (parallel workers: 1)
Dataset: (3511, 10, 4)  classes: ['AA', 'AB', 'BA', 'BB']  seed: 42

[Phase 1] 7 models × 1 GPU(s)

[Phase 1.5] Metadata-fusion models (2) — noise + path context

[Phase 2] Building ensembles…
  [Stacking_All] training meta-learner…
  [Stacking_All] test_mcc=0.6320

[Phase 3] HPO (7 studies) + NAS across 1 GPU(s)…
[32m[I 2026-08-23 06:15:07,963][0m Trial 0 finished with value: 0.0 and parameters: {'dropout': 0.18168970418997205, 'hidden_size': 339, 'num_layers': 4, 'bidirectional': False, 'use_attention': False, 'lr': 0.001150399563229431, 'weight_decay': 0.004296800145628113, 'l1_lambda': 0.0008275616469915468, 'gradient_clip': 4.2479405702450865, 'loss_type': 'ce', 'focal_gamma': 4.988480374432744, 'optimizer_type': 'rmsprop', 'momentum': 0.8392297512903574, 'scheduler_type': 'plateau'}. Best is trial 0 with value: 0.0.[0m
  [Trial 000] value=0.0000
[32m[I 2026-08-23 06:15:28,324][0m Trial 1 finished with value: 0.0 and parameters: {'dropout': 0.26229564203751027, 'hidden_size': 158, 'num_layers': 7, 'bidirectional': False, 'use_attention': True, 'lr': 0.02067134942454963, 'weight_decay': 0.09042540486531689, 'l1_lambda': 1.198668735498422e-08, 'gradient_clip': 0.5151317563139235, 'loss_type': 'ce', 'focal_gamma': 1.9584885170728552, 'optimizer_type': 'sgd', 'momentum': 0.8270482193314611, 'scheduler_type': 'cosine'}. Best is trial 0 with value: 0.0.[0m
  [Trial 001] value=0.0000
[32m[I 2026-08-23 06:16:05,167][0m Trial 2 finished with value: 0.5406494256112021 and parameters: {'dropout': 0.5486890029118497, 'hidden_size': 128, 'num_layers': 2, 'bidirectional': True, 'use_attention': False, 'lr': 6.780698828853648e-05, 'weight_decay': 0.06667360875064798, 'l1_lambda': 7.253516180162579e-07, 'gradient_clip': 1.0032532562469965, 'loss_type': 'ce', 'focal_gamma': 3.868317996495782, 'optimizer_type': 'sgd', 'momentum': 0.8800814765138506, 'scheduler_type': 'cosine'}. Best is trial 2 with value: 0.5406494256112021.[0m
  [Trial 002] value=0.5406
[32m[I 2026-08-23 06:16:31,943][0m Trial 3 finished with value: 0.0 and parameters: {'dropout': 0.13044819023724674, 'hidden_size': 43, 'num_layers': 9, 'bidirectional': True, 'use_attention': False, 'lr': 0.00966248256425456, 'weight_decay': 0.0003822332883413037, 'l1_lambda': 0.0030838599849153897, 'gradient_clip': 4.4546925946657945, 'loss_type': 'ce', 'focal_gamma': 3.1548088199253206, 'optimizer_type': 'rmsprop', 'momentum': 0.8527068187415404, 'scheduler_type': 'plateau'}. Best is trial 2 with value: 0.5406494256112021.[0m
  [Trial 003] value=0.0000
[32m[I 2026-08-23 06:17:59,669][0m Trial 4 finished with value: 0.6428695683994606 and parameters: {'dropout': 0.05250376209276179, 'hidden_size': 193, 'num_layers': 7, 'bidirectional': True, 'use_attention': False, 'lr': 0.0011248308400196563, 'weight_decay': 0.009505724708838722, 'l1_lambda': 7.537892362283098e-05, 'gradient_clip': 1.8557647517097526, 'loss_type': 'ce', 'focal_gamma': 4.277274715408868, 'optimizer_type': 'adamw', 'momentum': 0.7380746667232208, 'scheduler_type': 'cosine'}. Best is trial 4 with value: 0.6428695683994606.[0m
  [Trial 004] value=0.6429
[32m[I 2026-08-23 06:18:43,020][0m Trial 5 finished with value: 0.6023377639200939 and parameters: {'dropout': 0.3624857822675537, 'hidden_size': 114, 'num_layers': 6, 'bidirectional': True, 'use_attention': True, 'lr': 0.00029259731775944237, 'weight_decay': 0.005902450372477438, 'l1_lambda': 1.4932664934667504e-06, 'gradient_clip': 1.4896578810525007, 'loss_type': 'focal', 'focal_gamma': 1.031753705716406, 'optimizer_type': 'rmsprop', 'momentum': 0.9196712942171138, 'scheduler_type': 'plateau'}. Best is trial 4 with value: 0.6428695683994606.[0m
  [Trial 005] value=0.6023
[32m[I 2026-08-23 06:19:15,517][0m Trial 6 finished with value: 0.5934662573867647 and parameters: {'dropout': 0.3559707225078052, 'hidden_size': 51, 'num_layers': 6, 'bidirectional': False, 'use_attention': True, 'lr': 5.555460038025907e-05, 'weight_decay': 0.008177285878418126, 'l1_lambda': 4.239859063601758e-06, 'gradient_clip': 2.425156813677618, 'loss_type': 'ce', 'focal_gamma': 4.186587255647458, 'optimizer_type': 'rmsprop', 'momentum': 0.7509142751022073, 'scheduler_type': 'plateau'}. Best is trial 4 with value: 0.6428695683994606.[0m
  [Trial 006] value=0.5935
[32m[I 2026-08-23 06:20:09,324][0m Trial 7 finished with value: 0.6140608284119766 and parameters: {'dropout': 0.6798807796129247, 'hidden_size': 64, 'num_layers': 8, 'bidirectional': False, 'use_attention': True, 'lr': 0.0003472451055422789, 'weight_decay': 0.0044155351230379, 'l1_lambda': 4.950484843094635e-07, 'gradient_clip': 2.1129638976544296, 'loss_type': 'ce', 'focal_gamma': 1.2968241345546367, 'optimizer_type': 'adamw', 'momentum': 0.8939540288195078, 'scheduler_type': 'cosine'}. Best is trial 4 with value: 0.6428695683994606.[0m
  [Trial 007] value=0.6141
[32m[I 2026-08-23 06:20:38,456][0m Trial 8 finished with value: 0.281930129843376 and parameters: {'dropout': 0.365511148559932, 'hidden_size': 701, 'num_layers': 5, 'bidirectional': False, 'use_attention': False, 'lr': 0.0002656786722323641, 'weight_decay': 4.580904658384176e-05, 'l1_lambda': 0.007445949290207372, 'gradient_clip': 1.4564937735920584, 'loss_type': 'focal', 'focal_gamma': 3.468048217904743, 'optimizer_type': 'rmsprop', 'momentum': 0.8893343041773814, 'scheduler_type': 'plateau'}. Best is trial 4 with value: 0.6428695683994606.[0m
  [Trial 008] value=0.2819
[32m[I 2026-08-23 06:21:11,637][0m Trial 9 finished with value: 0.22539828275303675 and parameters: {'dropout': 0.6731579596300344, 'hidden_size': 259, 'num_layers': 9, 'bidirectional': False, 'use_attention': False, 'lr': 0.021779461092317494, 'weight_decay': 1.471375105133454e-06, 'l1_lambda': 6.806766285609796e-06, 'gradient_clip': 1.5121530056079642, 'loss_type': 'ce', 'focal_gamma': 4.47184998876242, 'optimizer_type': 'adamw', 'momentum': 0.7717116712472634, 'scheduler_type': 'cosine'}. Best is trial 4 with value: 0.6428695683994606.[0m
  [Trial 009] value=0.2254
[32m[I 2026-08-23 06:21:35,760][0m Trial 10 finished with value: 0.6170072311755725 and parameters: {'dropout': 0.05787053566635445, 'hidden_size': 768, 'num_layers': 1, 'bidirectional': True, 'use_attention': False, 'lr': 0.006335028711117909, 'weight_decay': 2.5493412055240994e-07, 'l1_lambda': 0.00014543995392082433, 'gradient_clip': 3.4548967489191025, 'loss_type': 'focal', 'focal_gamma': 2.246761998233808, 'optimizer_type': 'adamw', 'momentum': 0.9819455217082451, 'scheduler_type': 'cosine'}. Best is trial 4 with value: 0.6428695683994606.[0m
  [Trial 010] value=0.6170
[32m[I 2026-08-23 06:22:08,697][0m Trial 11 finished with value: 0.6351263931320346 and parameters: {'dropout': 0.11227908720365946, 'hidden_size': 832, 'num_layers': 1, 'bidirectional': True, 'use_attention': False, 'lr': 0.0036577219991326742, 'weight_decay': 1.0549462098359081e-07, 'l1_lambda': 0.0001392071942133202, 'gradient_clip': 3.522562453708462, 'loss_type': 'focal', 'focal_gamma': 2.410355784813081, 'optimizer_type': 'adamw', 'momentum': 0.9821962294923289, 'scheduler_type': 'cosine'}. Best is trial 4 with value: 0.6428695683994606.[0m
  [Trial 011] value=0.6351
[32m[I 2026-08-23 06:23:04,299][0m Trial 12 finished with value: 0.6312664557967294 and parameters: {'dropout': 0.050791246056120926, 'hidden_size': 413, 'num_layers': 3, 'bidirectional': True, 'use_attention': False, 'lr': 0.002224171593914127, 'weight_decay': 1.8129436649432386e-05, 'l1_lambda': 0.0001302236848780649, 'gradient_clip': 3.324650158547687, 'loss_type': 'focal', 'focal_gamma': 2.379509125450728, 'optimizer_type': 'adamw', 'momentum': 0.7181787567367004, 'scheduler_type': 'cosine'}. Best is trial 4 with value: 0.6428695683994606.[0m
  [Trial 012] value=0.6313
[32m[I 2026-08-23 06:24:06,052][0m Trial 13 finished with value: 0.12126698834250083 and parameters: {'dropout': 0.2114518123771945, 'hidden_size': 458, 'num_layers': 10, 'bidirectional': True, 'use_attention': False, 'lr': 0.0019437117886541813, 'weight_decay': 5.6465910543908475e-06, 'l1_lambda': 8.610087645334025e-05, 'gradient_clip': 3.053706572216163, 'loss_type': 'focal', 'focal_gamma': 2.6944937505674207, 'optimizer_type': 'adamw', 'momentum': 0.9781005968860538, 'scheduler_type': 'cosine'}. Best is trial 4 with value: 0.6428695683994606.[0m
  [Trial 013] value=0.1213
[32m[I 2026-08-23 06:28:33,693][0m Trial 14 finished with value: 0.631264211547667 and parameters: {'dropout': 0.12746490929854423, 'hidden_size': 1022, 'num_layers': 4, 'bidirectional': True, 'use_attention': False, 'lr': 0.0043745946717098855, 'weight_decay': 0.0003143237111600228, 'l1_lambda': 4.667423201933793e-05, 'gradient_clip': 3.841679782423596, 'loss_type': 'focal', 'focal_gamma': 1.8056414159273482, 'optimizer_type': 'adamw', 'momentum': 0.7954865308171141, 'scheduler_type': 'cosine'}. Best is trial 4 with value: 0.6428695683994606.[0m
  [Trial 014] value=0.6313
[32m[I 2026-08-23 06:29:12,539][0m Trial 15 finished with value: 0.6074880220515637 and parameters: {'dropout': 0.4761475059325945, 'hidden_size': 244, 'num_layers': 1, 'bidirectional': True, 'use_attention': False, 'lr': 0.0006720464192763752, 'weight_decay': 2.8963132757442527e-07, 'l1_lambda': 0.0007601787542142918, 'gradient_clip': 2.5861393918876594, 'loss_type': 'focal', 'focal_gamma': 3.3724591878260344, 'optimizer_type': 'adamw', 'momentum': 0.7000566654425535, 'scheduler_type': 'cosine'}. Best is trial 4 with value: 0.6428695683994606.[0m
  [Trial 015] value=0.6075
[32m[I 2026-08-23 06:29:37,001][0m Trial 16 finished with value: 0.0 and parameters: {'dropout': 0.27008477247121626, 'hidden_size': 86, 'num_layers': 7, 'bidirectional': True, 'use_attention': False, 'lr': 0.04236962949151323, 'weight_decay': 0.0006552588297831173, 'l1_lambda': 1.7814695384414523e-05, 'gradient_clip': 4.999100040860713, 'loss_type': 'ce', 'focal_gamma': 2.7904933819095494, 'optimizer_type': 'adamw', 'momentum': 0.940642255249401, 'scheduler_type': 'cosine'}. Best is trial 4 with value: 0.6428695683994606.[0m
  [Trial 016] value=0.0000
[32m[I 2026-08-23 06:30:42,197][0m Trial 17 finished with value: 0.6091426462246328 and parameters: {'dropout': 0.12673245615919645, 'hidden_size': 546, 'num_layers': 3, 'bidirectional': True, 'use_attention': False, 'lr': 0.003956543170435036, 'weight_decay': 1.0573461023032721e-07, 'l1_lambda': 1.0263507386876092e-08, 'gradient_clip': 2.154133863536016, 'loss_type': 'focal', 'focal_gamma': 4.9318040772406855, 'optimizer_type': 'sgd', 'momentum': 0.8079318449917389, 'scheduler_type': 'cosine'}. Best is trial 4 with value: 0.6428695683994606.[0m
  [Trial 017] value=0.6091
[32m[I 2026-08-23 06:31:22,386][0m Trial 18 finished with value: 0.5994923596135453 and parameters: {'dropout': 0.2778902156018318, 'hidden_size': 219, 'num_layers': 5, 'bidirectional': True, 'use_attention': True, 'lr': 0.0010734621474445712, 'weight_decay': 2.3748580861504205e-06, 'l1_lambda': 0.0007799993210892111, 'gradient_clip': 3.0036101621485995, 'loss_type': 'focal', 'focal_gamma': 3.6320654292773558, 'optimizer_type': 'adamw', 'momentum': 0.7560586613947018, 'scheduler_type': 'cosine'}. Best is trial 4 with value: 0.6428695683994606.[0m
  [Trial 018] value=0.5995
[32m[I 2026-08-23 06:32:14,064][0m Trial 19 finished with value: 0.6404333214426274 and parameters: {'dropout': 0.43541335353692456, 'hidden_size': 32, 'num_layers': 7, 'bidirectional': True, 'use_attention': False, 'lr': 0.00015096367078694118, 'weight_decay': 0.00010907462888901184, 'l1_lambda': 1.1530856633351812e-07, 'gradient_clip': 3.90850029604707, 'loss_type': 'ce', 'focal_gamma': 4.380384431991902, 'optimizer_type': 'adamw', 'momentum': 0.9267420449306518, 'scheduler_type': 'cosine'}. Best is trial 4 with value: 0.6428695683994606.[0m
  [Trial 019] value=0.6404
[32m[I 2026-08-23 06:33:14,646][0m Trial 20 finished with value: 0.5670678071600186 and parameters: {'dropout': 0.46259632058581324, 'hidden_size': 33, 'num_layers': 7, 'bidirectional': True, 'use_attention': False, 'lr': 9.775638800909238e-05, 'weight_decay': 0.023321493825275826, 'l1_lambda': 1.8853329855313232e-07, 'gradient_clip': 4.138769822426314, 'loss_type': 'ce', 'focal_gamma': 4.460916191414933, 'optimizer_type': 'sgd', 'momentum': 0.934040142982721, 'scheduler_type': 'cosine'}. Best is trial 4 with value: 0.6428695683994606.[0m
  [Trial 020] value=0.5671
[32m[I 2026-08-23 06:33:58,518][0m Trial 21 finished with value: 0.6437879388429185 and parameters: {'dropout': 0.4596469943874021, 'hidden_size': 84, 'num_layers': 8, 'bidirectional': True, 'use_attention': False, 'lr': 0.00015976713884185357, 'weight_decay': 8.275064400805843e-05, 'l1_lambda': 8.559055892859375e-08, 'gradient_clip': 3.7390260900963943, 'loss_type': 'ce', 'focal_gamma': 4.152892067119244, 'optimizer_type': 'adamw', 'momentum': 0.954741194136875, 'scheduler_type': 'cosine'}. Best is trial 21 with value: 0.6437879388429185.[0m
  [Trial 021] value=0.6438
[32m[I 2026-08-23 06:35:02,379][0m Trial 22 finished with value: 0.6401057020699569 and parameters: {'dropout': 0.47838101684521617, 'hidden_size': 70, 'num_layers': 8, 'bidirectional': True, 'use_attention': False, 'lr': 0.00013952970460222268, 'weight_decay': 7.391844236832687e-05, 'l1_lambda': 5.3279419959277235e-08, 'gradient_clip': 4.723994067200424, 'loss_type': 'ce', 'focal_gamma': 3.9546380244597064, 'optimizer_type': 'adamw', 'momentum': 0.9496861572800218, 'scheduler_type': 'cosine'}. Best is trial 21 with value: 0.6437879388429185.[0m
  [Trial 022] value=0.6401
[32m[I 2026-08-23 06:36:12,193][0m Trial 23 finished with value: 0.6422402215453277 and parameters: {'dropout': 0.5546422708309527, 'hidden_size': 95, 'num_layers': 8, 'bidirectional': True, 'use_attention': False, 'lr': 0.00014182289340194655, 'weight_decay': 0.0006535979368326062, 'l1_lambda': 7.99874128872395e-08, 'gradient_clip': 3.804151217788182, 'loss_type': 'ce', 'focal_gamma': 4.586737677550985, 'optimizer_type': 'adamw', 'momentum': 0.9170259353359775, 'scheduler_type': 'cosine'}. Best is trial 21 with value: 0.6437879388429185.[0m
  [Trial 023] value=0.6422
[32m[I 2026-08-23 06:37:01,756][0m Trial 24 finished with value: 0.6480663148845063 and parameters: {'dropout': 0.5758391000435389, 'hidden_size': 97, 'num_layers': 10, 'bidirectional': True, 'use_attention': False, 'lr': 0.000527479958879752, 'weight_decay': 0.0011280683014668299, 'l1_lambda': 3.989258321350673e-08, 'gradient_clip': 2.983033863512633, 'loss_type': 'ce', 'focal_gamma': 4.741306565082592, 'optimizer_type': 'adamw', 'momentum': 0.8624595958740351, 'scheduler_type': 'cosine'}. Best is trial 24 with value: 0.6480663148845063.[0m
  [Trial 024] value=0.6481
[32m[I 2026-08-23 06:39:20,423][0m Trial 25 finished with value: 0.6525553707409127 and parameters: {'dropout': 0.6020656824491462, 'hidden_size': 164, 'num_layers': 10, 'bidirectional': True, 'use_attention': False, 'lr': 0.0005797678928062529, 'weight_decay': 0.00173239114946793, 'l1_lambda': 2.111670892286821e-06, 'gradient_clip': 1.9547627862337211, 'loss_type': 'ce', 'focal_gamma': 4.722942291054052, 'optimizer_type': 'adamw', 'momentum': 0.8578180864205545, 'scheduler_type': 'cosine'}. Best is trial 25 with value: 0.6525553707409127.[0m
  [Trial 025] value=0.6526
[32m[I 2026-08-23 06:40:39,632][0m Trial 26 finished with value: 0.6505296740965808 and parameters: {'dropout': 0.5822504139790065, 'hidden_size': 149, 'num_layers': 10, 'bidirectional': True, 'use_attention': True, 'lr': 0.0004961242292096364, 'weight_decay': 0.0014453848098783147, 'l1_lambda': 2.7409908170846462e-08, 'gradient_clip': 2.9302746641617046, 'loss_type': 'ce', 'focal_gamma': 4.717262498124586, 'optimizer_type': 'adamw', 'momentum': 0.8667608125462113, 'scheduler_type': 'plateau'}. Best is trial 25 with value: 0.6525553707409127.[0m
  [Trial 026] value=0.6505
[32m[I 2026-08-23 06:41:50,750][0m Trial 27 finished with value: 0.6501059807633147 and parameters: {'dropout': 0.6122839741577238, 'hidden_size': 137, 'num_layers': 10, 'bidirectional': True, 'use_attention': True, 'lr': 0.000612051552432302, 'weight_decay': 0.001681668838169464, 'l1_lambda': 3.056004220577905e-08, 'gradient_clip': 2.645197572313433, 'loss_type': 'ce', 'focal_gamma': 4.741653244132881, 'optimizer_type': 'adamw', 'momentum': 0.8668728546519735, 'scheduler_type': 'plateau'}. Best is trial 25 with value: 0.6525553707409127.[0m
  [Trial 027] value=0.6501
[32m[I 2026-08-23 06:43:05,609][0m Trial 28 finished with value: 0.6567976195443301 and parameters: {'dropout': 0.6102977331717401, 'hidden_size': 154, 'num_layers': 10, 'bidirectional': True, 'use_attention': True, 'lr': 0.0005699207308767803, 'weight_decay': 0.002205785772566318, 'l1_lambda': 2.4579289219148008e-08, 'gradient_clip': 2.6900557398984746, 'loss_type': 'ce', 'focal_gamma': 4.757436726779424, 'optimizer_type': 'adamw', 'momentum': 0.8689278730920402, 'scheduler_type': 'plateau'}. Best is trial 28 with value: 0.6567976195443301.[0m
  [Trial 028] value=0.6568
[32m[I 2026-08-23 06:44:03,453][0m Trial 29 finished with value: 0.5092190423820285 and parameters: {'dropout': 0.6143621929256705, 'hidden_size': 335, 'num_layers': 9, 'bidirectional': False, 'use_attention': True, 'lr': 0.0009582445381075088, 'weight_decay': 0.0018969142309353162, 'l1_lambda': 2.4658350902367896e-07, 'gradient_clip': 2.156053165456541, 'loss_type': 'ce', 'focal_gamma': 4.940222396163614, 'optimizer_type': 'sgd', 'momentum': 0.8289362938181162, 'scheduler_type': 'plateau'}. Best is trial 28 with value: 0.6567976195443301.[0m
  [Trial 029] value=0.5092
[32m[I 2026-08-23 06:47:32,732][0m Trial 0 finished with value: 0.6095439130442272 and parameters: {'dropout': 0.6874080694435154, 'hidden_size': 216, 'num_layers': 7, 'bidirectional': False, 'use_attention': True, 'lr': 0.004818420279804031, 'weight_decay': 0.0006641791481818664, 'l1_lambda': 2.398651089392628e-07, 'gradient_clip': 3.840800733662546, 'loss_type': 'focal', 'focal_gamma': 2.1102167291610727, 'optimizer_type': 'adamw', 'momentum': 0.7610275544681602, 'scheduler_type': 'plateau'}. Best is trial 0 with value: 0.6095439130442272.[0m
  [Trial 000] value=0.6095
[32m[I 2026-08-23 06:48:23,781][0m Trial 1 finished with value: 0.6519980945725803 and parameters: {'dropout': 0.35677364161640257, 'hidden_size': 60, 'num_layers': 6, 'bidirectional': True, 'use_attention': True, 'lr': 0.0004316493152049512, 'weight_decay': 4.052249860066504e-05, 'l1_lambda': 5.88699303642045e-06, 'gradient_clip': 4.063997308008293, 'loss_type': 'ce', 'focal_gamma': 3.3769107086596173, 'optimizer_type': 'adamw', 'momentum': 0.9319685004139701, 'scheduler_type': 'cosine'}. Best is trial 1 with value: 0.6519980945725803.[0m
  [Trial 001] value=0.6520
[32m[I 2026-08-23 06:50:32,366][0m Trial 2 finished with value: 0.0 and parameters: {'dropout': 0.633984457835124, 'hidden_size': 787, 'num_layers': 6, 'bidirectional': True, 'use_attention': False, 'lr': 0.009458531924842455, 'weight_decay': 0.045400976837805855, 'l1_lambda': 0.0001398829488030684, 'gradient_clip': 0.8991153415921069, 'loss_type': 'focal', 'focal_gamma': 4.355785096570217, 'optimizer_type': 'rmsprop', 'momentum': 0.7370266434658757, 'scheduler_type': 'plateau'}. Best is trial 1 with value: 0.6519980945725803.[0m
  [Trial 002] value=0.0000
[32m[I 2026-08-23 06:51:14,083][0m Trial 3 finished with value: 0.6148915196576616 and parameters: {'dropout': 0.4182884102095674, 'hidden_size': 176, 'num_layers': 3, 'bidirectional': False, 'use_attention': False, 'lr': 9.80493628339332e-05, 'weight_decay': 0.017422719393708316, 'l1_lambda': 2.12322126484776e-07, 'gradient_clip': 3.99293075817933, 'loss_type': 'focal', 'focal_gamma': 4.224662178521262, 'optimizer_type': 'adamw', 'momentum': 0.8521276354841816, 'scheduler_type': 'plateau'}. Best is trial 1 with value: 0.6519980945725803.[0m
  [Trial 003] value=0.6149
[32m[I 2026-08-23 06:51:40,680][0m Trial 4 finished with value: 0.0 and parameters: {'dropout': 0.6160729310450355, 'hidden_size': 141, 'num_layers': 8, 'bidirectional': False, 'use_attention': False, 'lr': 0.011567774847752175, 'weight_decay': 0.023699562752700656, 'l1_lambda': 2.3290721156411818e-07, 'gradient_clip': 2.261707019631482, 'loss_type': 'focal', 'focal_gamma': 4.224509671239693, 'optimizer_type': 'sgd', 'momentum': 0.9270691790315261, 'scheduler_type': 'cosine'}. Best is trial 1 with value: 0.6519980945725803.[0m
  [Trial 004] value=0.0000
[32m[I 2026-08-23 06:52:44,640][0m Trial 5 finished with value: 0.6239109654754519 and parameters: {'dropout': 0.47938754474425715, 'hidden_size': 47, 'num_layers': 6, 'bidirectional': False, 'use_attention': True, 'lr': 0.039671151087858215, 'weight_decay': 3.6990061705424088e-06, 'l1_lambda': 4.8870398181080445e-08, 'gradient_clip': 2.2954227708938784, 'loss_type': 'ce', 'focal_gamma': 3.7134055268709667, 'optimizer_type': 'rmsprop', 'momentum': 0.9692058198812421, 'scheduler_type': 'cosine'}. Best is trial 1 with value: 0.6519980945725803.[0m
  [Trial 005] value=0.6239
[32m[I 2026-08-23 06:53:07,597][0m Trial 6 finished with value: 0.0 and parameters: {'dropout': 0.17921438814127444, 'hidden_size': 60, 'num_layers': 10, 'bidirectional': False, 'use_attention': True, 'lr': 0.0004085150969200003, 'weight_decay': 0.0003085279295683396, 'l1_lambda': 1.90378238819363e-06, 'gradient_clip': 4.899052521345657, 'loss_type': 'focal', 'focal_gamma': 1.7870720425435591, 'optimizer_type': 'rmsprop', 'momentum': 0.9211326177234482, 'scheduler_type': 'plateau'}. Best is trial 1 with value: 0.6519980945725803.[0m
  [Trial 006] value=0.0000
[32m[I 2026-08-23 06:53:37,973][0m Trial 7 finished with value: 0.6259647231593546 and parameters: {'dropout': 0.3512674876110905, 'hidden_size': 281, 'num_layers': 2, 'bidirectional': False, 'use_attention': True, 'lr': 0.00020356877011104435, 'weight_decay': 4.423548579903847e-05, 'l1_lambda': 0.00025715974406654874, 'gradient_clip': 3.7784903539767876, 'loss_type': 'ce', 'focal_gamma': 1.674010873932951, 'optimizer_type': 'rmsprop', 'momentum': 0.7811814444323835, 'scheduler_type': 'cosine'}. Best is trial 1 with value: 0.6519980945725803.[0m
  [Trial 007] value=0.6260
[32m[I 2026-08-23 06:53:59,625][0m Trial 8 finished with value: 0.0 and parameters: {'dropout': 0.6126518631072114, 'hidden_size': 34, 'num_layers': 10, 'bidirectional': False, 'use_attention': False, 'lr': 0.04374824530397152, 'weight_decay': 0.02874323182952567, 'l1_lambda': 8.33395345179914e-08, 'gradient_clip': 3.545521189420802, 'loss_type': 'focal', 'focal_gamma': 3.6638989754240705, 'optimizer_type': 'adamw', 'momentum': 0.8683749124381959, 'scheduler_type': 'plateau'}. Best is trial 1 with value: 0.6519980945725803.[0m
  [Trial 008] value=0.0000
[32m[I 2026-08-23 06:54:28,864][0m Trial 9 finished with value: 0.0 and parameters: {'dropout': 0.2178001459485971, 'hidden_size': 362, 'num_layers': 8, 'bidirectional': False, 'use_attention': True, 'lr': 0.006375236775331462, 'weight_decay': 1.7684304377160492e-07, 'l1_lambda': 1.2312390095016444e-07, 'gradient_clip': 2.292639157577229, 'loss_type': 'focal', 'focal_gamma': 1.2992228420162593, 'optimizer_type': 'rmsprop', 'momentum': 0.7035157198838846, 'scheduler_type': 'cosine'}. Best is trial 1 with value: 0.6519980945725803.[0m
  [Trial 009] value=0.0000
[32m[I 2026-08-23 06:54:49,363][0m Trial 10 finished with value: 0.4387973113602964 and parameters: {'dropout': 0.30125413268909074, 'hidden_size': 89, 'num_layers': 4, 'bidirectional': True, 'use_attention': True, 'lr': 0.000589794711819621, 'weight_decay': 6.062052293743419e-06, 'l1_lambda': 0.008180955636088972, 'gradient_clip': 4.966085350713531, 'loss_type': 'ce', 'focal_gamma': 2.7827692716037284, 'optimizer_type': 'sgd', 'momentum': 0.9898707370711617, 'scheduler_type': 'cosine'}. Best is trial 1 with value: 0.6519980945725803.[0m
  [Trial 010] value=0.4388
[32m[I 2026-08-23 06:55:30,477][0m Trial 11 finished with value: 0.6315686820523282 and parameters: {'dropout': 0.06013791626093795, 'hidden_size': 496, 'num_layers': 1, 'bidirectional': True, 'use_attention': True, 'lr': 5.6826154911806826e-05, 'weight_decay': 2.87116240469006e-05, 'l1_lambda': 7.791296315540036e-05, 'gradient_clip': 3.3335395146766946, 'loss_type': 'ce', 'focal_gamma': 2.8461366499723892, 'optimizer_type': 'adamw', 'momentum': 0.7919099728362818, 'scheduler_type': 'cosine'}. Best is trial 1 with value: 0.6519980945725803.[0m
  [Trial 011] value=0.6316
[32m[I 2026-08-23 06:55:55,460][0m Trial 12 finished with value: 0.6268026690239463 and parameters: {'dropout': 0.06109689252767007, 'hidden_size': 80, 'num_layers': 1, 'bidirectional': True, 'use_attention': True, 'lr': 8.657092765483605e-05, 'weight_decay': 2.6446945817769862e-05, 'l1_lambda': 2.1137623971557753e-05, 'gradient_clip': 2.9964590051646227, 'loss_type': 'ce', 'focal_gamma': 2.864817281832503, 'optimizer_type': 'adamw', 'momentum': 0.817452007622592, 'scheduler_type': 'cosine'}. Best is trial 1 with value: 0.6519980945725803.[0m
  [Trial 012] value=0.6268
[32m[I 2026-08-23 06:57:55,308][0m Trial 13 finished with value: 0.6450104945883136 and parameters: {'dropout': 0.07528721589568582, 'hidden_size': 532, 'num_layers': 4, 'bidirectional': True, 'use_attention': True, 'lr': 0.0014172356916868324, 'weight_decay': 0.0014736760284671728, 'l1_lambda': 5.230115222434925e-06, 'gradient_clip': 3.1256109773040714, 'loss_type': 'ce', 'focal_gamma': 3.289755606737186, 'optimizer_type': 'adamw', 'momentum': 0.9008419556979521, 'scheduler_type': 'cosine'}. Best is trial 1 with value: 0.6519980945725803.[0m
  [Trial 013] value=0.6450
[32m[I 2026-08-23 06:58:51,912][0m Trial 14 finished with value: 0.6526901451543399 and parameters: {'dropout': 0.480566676142429, 'hidden_size': 483, 'num_layers': 4, 'bidirectional': True, 'use_attention': True, 'lr': 0.0015742618386115354, 'weight_decay': 0.001905739216988522, 'l1_lambda': 3.404966014318359e-06, 'gradient_clip': 4.4284782810524455, 'loss_type': 'ce', 'focal_gamma': 4.950822486724235, 'optimizer_type': 'adamw', 'momentum': 0.8945679174353742, 'scheduler_type': 'cosine'}. Best is trial 14 with value: 0.6526901451543399.[0m
  [Trial 014] value=0.6527
[32m[I 2026-08-23 07:05:08,782][0m Trial 15 finished with value: 0.6310003021904006 and parameters: {'dropout': 0.4914202626312734, 'hidden_size': 873, 'num_layers': 5, 'bidirectional': True, 'use_attention': True, 'lr': 0.0016459428783446018, 'weight_decay': 0.0026738993628619458, 'l1_lambda': 1.0915033090506097e-06, 'gradient_clip': 4.396606746282232, 'loss_type': 'ce', 'focal_gamma': 4.938007891165588, 'optimizer_type': 'adamw', 'momentum': 0.888578948683623, 'scheduler_type': 'cosine'}. Best is trial 14 with value: 0.6526901451543399.[0m
  [Trial 015] value=0.6310
[32m[I 2026-08-23 07:05:45,362][0m Trial 16 finished with value: 0.6566142411141374 and parameters: {'dropout': 0.5131531443630616, 'hidden_size': 137, 'num_layers': 4, 'bidirectional': True, 'use_attention': True, 'lr': 0.0017192472715912436, 'weight_decay': 0.00021016761470071926, 'l1_lambda': 1.1293917288222265e-08, 'gradient_clip': 4.377016409148058, 'loss_type': 'ce', 'focal_gamma': 4.836741642582679, 'optimizer_type': 'adamw', 'momentum': 0.9454590080079562, 'scheduler_type': 'cosine'}. Best is trial 16 with value: 0.6566142411141374.[0m
  [Trial 016] value=0.6566
[32m[I 2026-08-23 07:06:10,192][0m Trial 17 finished with value: 0.5755284187618095 and parameters: {'dropout': 0.5301187834440456, 'hidden_size': 118, 'num_layers': 3, 'bidirectional': True, 'use_attention': True, 'lr': 0.0017525115808474073, 'weight_decay': 0.003825878626459528, 'l1_lambda': 0.005292184264399073, 'gradient_clip': 1.4319230316315659, 'loss_type': 'ce', 'focal_gamma': 4.762230953806093, 'optimizer_type': 'sgd', 'momentum': 0.9590645350516793, 'scheduler_type': 'cosine'}. Best is trial 16 with value: 0.6566142411141374.[0m
  [Trial 017] value=0.5755
[32m[I 2026-08-23 07:07:03,979][0m Trial 18 finished with value: 0.6506356977009674 and parameters: {'dropout': 0.5314424759217584, 'hidden_size': 310, 'num_layers': 4, 'bidirectional': True, 'use_attention': False, 'lr': 0.00269485982320839, 'weight_decay': 0.00028046103935016844, 'l1_lambda': 1.5649398458605255e-08, 'gradient_clip': 4.467662052780872, 'loss_type': 'ce', 'focal_gamma': 4.5762574103083695, 'optimizer_type': 'adamw', 'momentum': 0.8272227937409803, 'scheduler_type': 'cosine'}. Best is trial 16 with value: 0.6566142411141374.[0m
  [Trial 018] value=0.6506
[32m[I 2026-08-23 07:08:35,017][0m Trial 19 finished with value: 0.6576205897643709 and parameters: {'dropout': 0.43244810650439625, 'hidden_size': 483, 'num_layers': 3, 'bidirectional': True, 'use_attention': True, 'lr': 0.0008084837972976048, 'weight_decay': 0.005831368225973764, 'l1_lambda': 1.3617189713073561e-08, 'gradient_clip': 4.498909748861338, 'loss_type': 'ce', 'focal_gamma': 3.983309097402372, 'optimizer_type': 'adamw', 'momentum': 0.87699257969375, 'scheduler_type': 'cosine'}. Best is trial 19 with value: 0.6576205897643709.[0m
  [Trial 019] value=0.6576
[32m[I 2026-08-23 07:09:00,055][0m Trial 20 finished with value: 0.6063233349562074 and parameters: {'dropout': 0.27099306262351247, 'hidden_size': 202, 'num_layers': 2, 'bidirectional': True, 'use_attention': True, 'lr': 0.0008489847806656327, 'weight_decay': 4.351483090861952e-06, 'l1_lambda': 2.0811508424504518e-08, 'gradient_clip': 2.6648398132807474, 'loss_type': 'ce', 'focal_gamma': 3.9110982454219547, 'optimizer_type': 'sgd', 'momentum': 0.8612318728466616, 'scheduler_type': 'cosine'}. Best is trial 19 with value: 0.6576205897643709.[0m
  [Trial 020] value=0.6063
[32m[I 2026-08-23 07:10:09,578][0m Trial 21 finished with value: 0.6397760601681503 and parameters: {'dropout': 0.43472645690729794, 'hidden_size': 524, 'num_layers': 3, 'bidirectional': True, 'use_attention': True, 'lr': 0.0008991648258528713, 'weight_decay': 0.006595998080591343, 'l1_lambda': 1.0100782238184006e-08, 'gradient_clip': 4.4752537194317865, 'loss_type': 'ce', 'focal_gamma': 4.887313758787672, 'optimizer_type': 'adamw', 'momentum': 0.8859285103055582, 'scheduler_type': 'cosine'}. Best is trial 19 with value: 0.6576205897643709.[0m
  [Trial 021] value=0.6398
[32m[I 2026-08-23 07:11:24,950][0m Trial 22 finished with value: 0.0 and parameters: {'dropout': 0.5562412512192352, 'hidden_size': 631, 'num_layers': 5, 'bidirectional': True, 'use_attention': True, 'lr': 0.0036015623649572437, 'weight_decay': 0.0001725240996888419, 'l1_lambda': 0.0008327837186113131, 'gradient_clip': 4.64198100614364, 'loss_type': 'ce', 'focal_gamma': 4.5151388768513065, 'optimizer_type': 'adamw', 'momentum': 0.9471918855005755, 'scheduler_type': 'cosine'}. Best is trial 19 with value: 0.6576205897643709.[0m
  [Trial 022] value=0.0000
[32m[I 2026-08-23 07:11:52,994][0m Trial 23 finished with value: 0.6312003205109633 and parameters: {'dropout': 0.41277650532042787, 'hidden_size': 404, 'num_layers': 2, 'bidirectional': True, 'use_attention': True, 'lr': 0.00023454815543366334, 'weight_decay': 0.09888202320977861, 'l1_lambda': 8.540139309301046e-07, 'gradient_clip': 4.255149379443913, 'loss_type': 'ce', 'focal_gamma': 3.994207328393644, 'optimizer_type': 'adamw', 'momentum': 0.9102335116278844, 'scheduler_type': 'cosine'}. Best is trial 19 with value: 0.6576205897643709.[0m
  [Trial 023] value=0.6312
[32m[I 2026-08-23 07:12:27,250][0m Trial 24 finished with value: 0.6398132425945332 and parameters: {'dropout': 0.46487493562708415, 'hidden_size': 252, 'num_layers': 4, 'bidirectional': True, 'use_attention': True, 'lr': 0.0023106772266022284, 'weight_decay': 0.0011351766785863417, 'l1_lambda': 3.5619685513295924e-08, 'gradient_clip': 3.570812455080433, 'loss_type': 'ce', 'focal_gamma': 4.58468052316935, 'optimizer_type': 'adamw', 'momentum': 0.822596829589254, 'scheduler_type': 'cosine'}. Best is trial 19 with value: 0.6576205897643709.[0m
  [Trial 024] value=0.6398
[32m[I 2026-08-23 07:13:28,457][0m Trial 25 finished with value: 0.6438864309127404 and parameters: {'dropout': 0.5712631792384899, 'hidden_size': 146, 'num_layers': 5, 'bidirectional': True, 'use_attention': True, 'lr': 0.001014340117015813, 'weight_decay': 0.0073344258327458145, 'l1_lambda': 3.068987916650613e-05, 'gradient_clip': 4.9583134606981805, 'loss_type': 'ce', 'focal_gamma': 4.955713138341371, 'optimizer_type': 'adamw', 'momentum': 0.8850085263550551, 'scheduler_type': 'cosine'}. Best is trial 19 with value: 0.6576205897643709.[0m
  [Trial 025] value=0.6439
[32m[I 2026-08-23 07:19:59,353][0m Trial 26 finished with value: 0.6145789629795242 and parameters: {'dropout': 0.38694942470033117, 'hidden_size': 962, 'num_layers': 3, 'bidirectional': True, 'use_attention': False, 'lr': 0.018641816098843512, 'weight_decay': 0.0006601145222343846, 'l1_lambda': 4.765549503513483e-07, 'gradient_clip': 4.1604614516422, 'loss_type': 'ce', 'focal_gamma': 4.0418656224310405, 'optimizer_type': 'adamw', 'momentum': 0.9886449516102035, 'scheduler_type': 'plateau'}. Best is trial 19 with value: 0.6576205897643709.[0m
  [Trial 026] value=0.6146
[32m[I 2026-08-23 07:20:52,777][0m Trial 27 finished with value: 0.6330623126654262 and parameters: {'dropout': 0.31629783881990425, 'hidden_size': 413, 'num_layers': 2, 'bidirectional': True, 'use_attention': True, 'lr': 0.0002628943928524924, 'weight_decay': 0.010034769633009841, 'l1_lambda': 2.1031508276943663e-06, 'gradient_clip': 4.681343409584281, 'loss_type': 'ce', 'focal_gamma': 3.328075737160343, 'optimizer_type': 'adamw', 'momentum': 0.943532554197699, 'scheduler_type': 'cosine'}. Best is trial 19 with value: 0.6576205897643709.[0m
  [Trial 027] value=0.6331
[32m[I 2026-08-23 07:22:47,784][0m Trial 28 finished with value: 0.5577230935380205 and parameters: {'dropout': 0.4967628325114927, 'hidden_size': 682, 'num_layers': 4, 'bidirectional': True, 'use_attention': True, 'lr': 0.002947524595506209, 'weight_decay': 0.00011080442127135206, 'l1_lambda': 3.370972163126029e-08, 'gradient_clip': 1.7996915034709744, 'loss_type': 'ce', 'focal_gamma': 4.338592899837379, 'optimizer_type': 'sgd', 'momentum': 0.8403693320226244, 'scheduler_type': 'cosine'}. Best is trial 19 with value: 0.6576205897643709.[0m
  [Trial 028] value=0.5577
[32m[I 2026-08-23 07:25:02,209][0m Trial 29 finished with value: 0.6503168579253699 and parameters: {'dropout': 0.43937268285440595, 'hidden_size': 228, 'num_layers': 7, 'bidirectional': True, 'use_attention': True, 'lr': 0.004322841918533774, 'weight_decay': 0.0005948558101321139, 'l1_lambda': 9.46778383451064e-08, 'gradient_clip': 3.789875174726654, 'loss_type': 'ce', 'focal_gamma': 2.5504744370246186, 'optimizer_type': 'adamw', 'momentum': 0.9090530449307501, 'scheduler_type': 'plateau'}. Best is trial 19 with value: 0.6576205897643709.[0m
  [Trial 029] value=0.6503
[32m[I 2026-08-23 07:28:59,101][0m Trial 0 finished with value: 0.614539826374586 and parameters: {'dropout': 0.573277727500358, 'num_filters': 150, 'num_blocks': 12, 'kernel_set': 2, 'lr': 0.019369504542872465, 'weight_decay': 0.001153031252712393, 'l1_lambda': 1.9100302007321378e-08, 'gradient_clip': 3.8039270139139605, 'loss_type': 'ce', 'focal_gamma': 2.4709249904079593, 'optimizer_type': 'rmsprop', 'momentum': 0.8981172618813316, 'scheduler_type': 'cosine'}. Best is trial 0 with value: 0.614539826374586.[0m
  [Trial 000] value=0.6145
[32m[I 2026-08-23 07:30:13,903][0m Trial 1 finished with value: 0.6401473091955987 and parameters: {'dropout': 0.14008193262866375, 'num_filters': 237, 'num_blocks': 7, 'kernel_set': 0, 'lr': 0.0004532127552967752, 'weight_decay': 1.0821218889053408e-05, 'l1_lambda': 7.579467197279517e-07, 'gradient_clip': 2.0867515516828794, 'loss_type': 'ce', 'focal_gamma': 2.5558930037815983, 'optimizer_type': 'sgd', 'momentum': 0.7480058589697927, 'scheduler_type': 'cosine'}. Best is trial 1 with value: 0.6401473091955987.[0m
  [Trial 001] value=0.6401
[32m[I 2026-08-23 07:30:53,904][0m Trial 2 finished with value: 0.6334324249014237 and parameters: {'dropout': 0.237276920338527, 'num_filters': 485, 'num_blocks': 4, 'kernel_set': 3, 'lr': 6.737406092252684e-05, 'weight_decay': 6.536844535166578e-06, 'l1_lambda': 1.478560466416398e-07, 'gradient_clip': 0.9183985833572146, 'loss_type': 'ce', 'focal_gamma': 4.424118593298489, 'optimizer_type': 'rmsprop', 'momentum': 0.7003533000621575, 'scheduler_type': 'plateau'}. Best is trial 1 with value: 0.6401473091955987.[0m
  [Trial 002] value=0.6334
[32m[I 2026-08-23 07:32:36,902][0m Trial 3 finished with value: 0.6328059797223478 and parameters: {'dropout': 0.1508448447046705, 'num_filters': 61, 'num_blocks': 12, 'kernel_set': 1, 'lr': 0.01130225235503339, 'weight_decay': 2.082982898451859e-05, 'l1_lambda': 3.4622557379027226e-08, 'gradient_clip': 4.527487325187559, 'loss_type': 'focal', 'focal_gamma': 3.2587967403110696, 'optimizer_type': 'rmsprop', 'momentum': 0.8290867792000645, 'scheduler_type': 'cosine'}. Best is trial 1 with value: 0.6401473091955987.[0m
  [Trial 003] value=0.6328
[32m[I 2026-08-23 07:34:37,766][0m Trial 4 finished with value: 0.6251993679239195 and parameters: {'dropout': 0.09531381135220693, 'num_filters': 110, 'num_blocks': 16, 'kernel_set': 3, 'lr': 0.013782847165325358, 'weight_decay': 0.02979126925389467, 'l1_lambda': 0.00326610308573486, 'gradient_clip': 1.6048549821025464, 'loss_type': 'ce', 'focal_gamma': 3.4292377792623014, 'optimizer_type': 'sgd', 'momentum': 0.9062092482027178, 'scheduler_type': 'plateau'}. Best is trial 1 with value: 0.6401473091955987.[0m
  [Trial 004] value=0.6252
[32m[I 2026-08-23 07:36:52,412][0m Trial 5 finished with value: 0.6189844179567601 and parameters: {'dropout': 0.17066114787161044, 'num_filters': 807, 'num_blocks': 4, 'kernel_set': 0, 'lr': 0.00010008833064358424, 'weight_decay': 0.005328605537616422, 'l1_lambda': 3.278581686915393e-07, 'gradient_clip': 0.7487018983333686, 'loss_type': 'ce', 'focal_gamma': 2.879959420622998, 'optimizer_type': 'sgd', 'momentum': 0.7830727663059277, 'scheduler_type': 'plateau'}. Best is trial 1 with value: 0.6401473091955987.[0m
  [Trial 005] value=0.6190
[32m[I 2026-08-23 07:37:16,156][0m Trial 6 finished with value: 0.6429657590971082 and parameters: {'dropout': 0.6096602835523759, 'num_filters': 213, 'num_blocks': 1, 'kernel_set': 0, 'lr': 0.00027715137613062654, 'weight_decay': 5.024750842657396e-05, 'l1_lambda': 1.3605659685405775e-08, 'gradient_clip': 2.728972030663127, 'loss_type': 'focal', 'focal_gamma': 3.862901152064096, 'optimizer_type': 'adamw', 'momentum': 0.7119990224249518, 'scheduler_type': 'plateau'}. Best is trial 6 with value: 0.6429657590971082.[0m
  [Trial 006] value=0.6430
[32m[I 2026-08-23 07:39:51,417][0m Trial 7 finished with value: 0.580842465138318 and parameters: {'dropout': 0.28311706470857384, 'num_filters': 207, 'num_blocks': 12, 'kernel_set': 3, 'lr': 0.0007016509420833829, 'weight_decay': 1.625336277042209e-07, 'l1_lambda': 8.171606532950069e-06, 'gradient_clip': 0.6664809824146971, 'loss_type': 'focal', 'focal_gamma': 2.5023430588525923, 'optimizer_type': 'sgd', 'momentum': 0.7654106123026558, 'scheduler_type': 'plateau'}. Best is trial 6 with value: 0.6429657590971082.[0m
  [Trial 007] value=0.5808
[32m[I 2026-08-23 07:40:19,853][0m Trial 8 finished with value: 0.6319745439544354 and parameters: {'dropout': 0.34394648876050715, 'num_filters': 159, 'num_blocks': 4, 'kernel_set': 3, 'lr': 0.018572550084409077, 'weight_decay': 1.2483942200459643e-05, 'l1_lambda': 0.0003116139269272798, 'gradient_clip': 1.0444365653780392, 'loss_type': 'ce', 'focal_gamma': 2.685610794442788, 'optimizer_type': 'sgd', 'momentum': 0.9251821831439466, 'scheduler_type': 'plateau'}. Best is trial 6 with value: 0.6429657590971082.[0m
  [Trial 008] value=0.6320
[32m[I 2026-08-23 07:41:29,281][0m Trial 9 finished with value: 0.6377996584999358 and parameters: {'dropout': 0.44423805446144526, 'num_filters': 409, 'num_blocks': 8, 'kernel_set': 3, 'lr': 0.000811021607345722, 'weight_decay': 7.287189752124358e-05, 'l1_lambda': 3.5617598692552356e-05, 'gradient_clip': 0.5100339893905153, 'loss_type': 'focal', 'focal_gamma': 4.525831440388085, 'optimizer_type': 'adamw', 'momentum': 0.8252506088477062, 'scheduler_type': 'cosine'}. Best is trial 6 with value: 0.6429657590971082.[0m
  [Trial 009] value=0.6378
[32m[I 2026-08-23 07:41:52,060][0m Trial 10 finished with value: 0.6387885220660479 and parameters: {'dropout': 0.6623586461721667, 'num_filters': 33, 'num_blocks': 1, 'kernel_set': 0, 'lr': 0.003054605677144861, 'weight_decay': 3.2244645408233037e-07, 'l1_lambda': 4.165120972025406e-06, 'gradient_clip': 2.9792220440275856, 'loss_type': 'focal', 'focal_gamma': 1.4069904404550941, 'optimizer_type': 'adamw', 'momentum': 0.9788556035081826, 'scheduler_type': 'plateau'}. Best is trial 6 with value: 0.6429657590971082.[0m
  [Trial 010] value=0.6388
[32m[I 2026-08-23 07:42:18,180][0m Trial 11 finished with value: 0.6425393721061923 and parameters: {'dropout': 0.5053084282972498, 'num_filters': 303, 'num_blocks': 1, 'kernel_set': 0, 'lr': 0.00022294242511357922, 'weight_decay': 0.0004508783835324936, 'l1_lambda': 1.0291284415341758e-06, 'gradient_clip': 2.2889117508536576, 'loss_type': 'focal', 'focal_gamma': 3.849452067748923, 'optimizer_type': 'adamw', 'momentum': 0.7029481616183523, 'scheduler_type': 'cosine'}. Best is trial 6 with value: 0.6429657590971082.[0m
  [Trial 011] value=0.6425
[32m[I 2026-08-23 07:42:47,271][0m Trial 12 finished with value: 0.6259187319268881 and parameters: {'dropout': 0.5031447725930348, 'num_filters': 362, 'num_blocks': 1, 'kernel_set': 0, 'lr': 0.00020769020706950985, 'weight_decay': 0.0005476279425632949, 'l1_lambda': 1.0187922273138865e-08, 'gradient_clip': 2.769594192722325, 'loss_type': 'focal', 'focal_gamma': 4.118054083663576, 'optimizer_type': 'adamw', 'momentum': 0.71008916847892, 'scheduler_type': 'cosine'}. Best is trial 6 with value: 0.6429657590971082.[0m
  [Trial 012] value=0.6259
[32m[I 2026-08-23 07:43:16,921][0m Trial 13 finished with value: 0.643738903566273 and parameters: {'dropout': 0.6850444730730101, 'num_filters': 611, 'num_blocks': 1, 'kernel_set': 0, 'lr': 0.0002223633858374397, 'weight_decay': 0.0003118345608532532, 'l1_lambda': 2.381867391066537e-06, 'gradient_clip': 3.439471060820275, 'loss_type': 'focal', 'focal_gamma': 4.979629501831418, 'optimizer_type': 'adamw', 'momentum': 0.7384496274713398, 'scheduler_type': 'cosine'}. Best is trial 13 with value: 0.643738903566273.[0m
  [Trial 013] value=0.6437
[32m[I 2026-08-23 07:45:20,218][0m Trial 14 finished with value: 0.6283159786599634 and parameters: {'dropout': 0.6986111498462971, 'num_filters': 889, 'num_blocks': 6, 'kernel_set': 2, 'lr': 0.0023710453849994733, 'weight_decay': 1.734513114295655e-06, 'l1_lambda': 0.00014698291392906923, 'gradient_clip': 3.759803051122168, 'loss_type': 'focal', 'focal_gamma': 4.941695638131456, 'optimizer_type': 'adamw', 'momentum': 0.7888032963536302, 'scheduler_type': 'cosine'}. Best is trial 13 with value: 0.643738903566273.[0m
  [Trial 014] value=0.6283
[32m[I 2026-08-23 07:46:04,433][0m Trial 15 finished with value: 0.6291553945242685 and parameters: {'dropout': 0.6111164991859303, 'num_filters': 574, 'num_blocks': 3, 'kernel_set': 1, 'lr': 0.00021409142679949515, 'weight_decay': 0.0001253877833724882, 'l1_lambda': 8.81822559596418e-08, 'gradient_clip': 3.460319047692151, 'loss_type': 'focal', 'focal_gamma': 4.931633336031594, 'optimizer_type': 'adamw', 'momentum': 0.749606111493829, 'scheduler_type': 'plateau'}. Best is trial 13 with value: 0.643738903566273.[0m
  [Trial 015] value=0.6292
[32m[I 2026-08-23 07:47:08,353][0m Trial 16 finished with value: 0.6345259283250004 and parameters: {'dropout': 0.5875766508057871, 'num_filters': 55, 'num_blocks': 3, 'kernel_set': 0, 'lr': 5.583006216293863e-05, 'weight_decay': 0.004923492783205243, 'l1_lambda': 0.006491753359056848, 'gradient_clip': 4.4937608149250625, 'loss_type': 'focal', 'focal_gamma': 3.6431165651610327, 'optimizer_type': 'adamw', 'momentum': 0.8618217440661541, 'scheduler_type': 'cosine'}. Best is trial 13 with value: 0.643738903566273.[0m
  [Trial 016] value=0.6345
[32m[I 2026-08-23 07:48:04,470][0m Trial 17 finished with value: 0.6496646759240476 and parameters: {'dropout': 0.4285903668878812, 'num_filters': 99, 'num_blocks': 10, 'kernel_set': 0, 'lr': 0.0011499287750861339, 'weight_decay': 0.00010457386702385975, 'l1_lambda': 1.735202947192544e-06, 'gradient_clip': 3.2356092720009144, 'loss_type': 'focal', 'focal_gamma': 1.6774844879224868, 'optimizer_type': 'adamw', 'momentum': 0.7335278089912306, 'scheduler_type': 'plateau'}. Best is trial 17 with value: 0.6496646759240476.[0m
  [Trial 017] value=0.6497
[32m[I 2026-08-23 07:49:10,550][0m Trial 18 finished with value: 0.6448219309472951 and parameters: {'dropout': 0.3985803299910122, 'num_filters': 97, 'num_blocks': 11, 'kernel_set': 0, 'lr': 0.00508838040717383, 'weight_decay': 0.062089982803708234, 'l1_lambda': 1.987887326623581e-06, 'gradient_clip': 4.8975272325092885, 'loss_type': 'focal', 'focal_gamma': 1.1792723464201649, 'optimizer_type': 'adamw', 'momentum': 0.8059461728972978, 'scheduler_type': 'plateau'}. Best is trial 17 with value: 0.6496646759240476.[0m
  [Trial 018] value=0.6448
[32m[I 2026-08-23 07:50:29,256][0m Trial 19 finished with value: 0.6378601532209123 and parameters: {'dropout': 0.3993618087745037, 'num_filters': 92, 'num_blocks': 10, 'kernel_set': 2, 'lr': 0.005290104219379584, 'weight_decay': 0.009150466867540638, 'l1_lambda': 3.491424682366755e-05, 'gradient_clip': 4.861369532457814, 'loss_type': 'focal', 'focal_gamma': 1.1041187866328508, 'optimizer_type': 'adamw', 'momentum': 0.7957820643600595, 'scheduler_type': 'plateau'}. Best is trial 17 with value: 0.6496646759240476.[0m
  [Trial 019] value=0.6379
[32m[I 2026-08-23 07:51:12,217][0m Trial 20 finished with value: 0.0 and parameters: {'dropout': 0.32530366019986506, 'num_filters': 75, 'num_blocks': 15, 'kernel_set': 1, 'lr': 0.03796475259835788, 'weight_decay': 0.05414629893530585, 'l1_lambda': 3.9895820328307646e-05, 'gradient_clip': 4.175290820259768, 'loss_type': 'focal', 'focal_gamma': 1.8997616115619889, 'optimizer_type': 'rmsprop', 'momentum': 0.860338344159115, 'scheduler_type': 'plateau'}. Best is trial 17 with value: 0.6496646759240476.[0m
  [Trial 020] value=0.0000
[32m[I 2026-08-23 07:52:00,704][0m Trial 21 finished with value: 0.649799836787303 and parameters: {'dropout': 0.4526308117925478, 'num_filters': 115, 'num_blocks': 10, 'kernel_set': 0, 'lr': 0.0014947705194358913, 'weight_decay': 0.0015639506825842907, 'l1_lambda': 2.0466087976736267e-06, 'gradient_clip': 3.3470512268176957, 'loss_type': 'focal', 'focal_gamma': 1.9145632354270694, 'optimizer_type': 'adamw', 'momentum': 0.7381418908451132, 'scheduler_type': 'plateau'}. Best is trial 21 with value: 0.649799836787303.[0m
  [Trial 021] value=0.6498
[32m[I 2026-08-23 07:52:54,905][0m Trial 22 finished with value: 0.6470055994300372 and parameters: {'dropout': 0.43278965521049906, 'num_filters': 123, 'num_blocks': 10, 'kernel_set': 0, 'lr': 0.0011274550730231395, 'weight_decay': 0.0016899804790794831, 'l1_lambda': 1.1400980928714158e-06, 'gradient_clip': 3.2345603099089972, 'loss_type': 'focal', 'focal_gamma': 1.861069428888397, 'optimizer_type': 'adamw', 'momentum': 0.8099653152942288, 'scheduler_type': 'plateau'}. Best is trial 21 with value: 0.649799836787303.[0m
  [Trial 022] value=0.6470
[32m[I 2026-08-23 07:53:57,897][0m Trial 23 finished with value: 0.6451164052298006 and parameters: {'dropout': 0.48248157749682613, 'num_filters': 132, 'num_blocks': 9, 'kernel_set': 0, 'lr': 0.00131989154017759, 'weight_decay': 0.0017748666808262241, 'l1_lambda': 4.632415375841705e-07, 'gradient_clip': 3.1143031457554686, 'loss_type': 'focal', 'focal_gamma': 1.8947609888871788, 'optimizer_type': 'adamw', 'momentum': 0.7679590542896064, 'scheduler_type': 'plateau'}. Best is trial 21 with value: 0.649799836787303.[0m
  [Trial 023] value=0.6451
[32m[I 2026-08-23 07:55:05,760][0m Trial 24 finished with value: 0.640577825600741 and parameters: {'dropout': 0.44889136429410914, 'num_filters': 40, 'num_blocks': 14, 'kernel_set': 0, 'lr': 0.0013358283001113364, 'weight_decay': 0.001991482266276271, 'l1_lambda': 1.6181581771167515e-05, 'gradient_clip': 2.4022204354843355, 'loss_type': 'focal', 'focal_gamma': 1.8331294101233186, 'optimizer_type': 'adamw', 'momentum': 0.7363411074469867, 'scheduler_type': 'plateau'}. Best is trial 21 with value: 0.649799836787303.[0m
  [Trial 024] value=0.6406
[32m[I 2026-08-23 07:55:56,391][0m Trial 25 finished with value: 0.647864628331342 and parameters: {'dropout': 0.5423790873117715, 'num_filters': 71, 'num_blocks': 10, 'kernel_set': 0, 'lr': 0.0007446647108005261, 'weight_decay': 0.00014960716345821252, 'l1_lambda': 6.421153603682045e-06, 'gradient_clip': 3.550530172204794, 'loss_type': 'focal', 'focal_gamma': 1.5155204302311494, 'optimizer_type': 'adamw', 'momentum': 0.7306445306709318, 'scheduler_type': 'plateau'}. Best is trial 21 with value: 0.649799836787303.[0m
  [Trial 025] value=0.6479
[32m[I 2026-08-23 07:57:08,021][0m Trial 26 finished with value: 0.6502049738615848 and parameters: {'dropout': 0.5471535592812656, 'num_filters': 51, 'num_blocks': 8, 'kernel_set': 0, 'lr': 0.0026554789332261875, 'weight_decay': 0.00019940275550781104, 'l1_lambda': 0.00014843259243046698, 'gradient_clip': 3.8639363063196592, 'loss_type': 'focal', 'focal_gamma': 1.5715997108151296, 'optimizer_type': 'adamw', 'momentum': 0.7197338496379584, 'scheduler_type': 'plateau'}. Best is trial 26 with value: 0.6502049738615848.[0m
  [Trial 026] value=0.6502
[32m[I 2026-08-23 07:58:07,702][0m Trial 27 finished with value: 0.6571112473848415 and parameters: {'dropout': 0.5426711797690842, 'num_filters': 46, 'num_blocks': 6, 'kernel_set': 0, 'lr': 0.002379492150129019, 'weight_decay': 1.8675815128704608e-06, 'l1_lambda': 0.0002565328048122303, 'gradient_clip': 4.109150906783816, 'loss_type': 'focal', 'focal_gamma': 2.262957322949588, 'optimizer_type': 'adamw', 'momentum': 0.7656748517237771, 'scheduler_type': 'plateau'}. Best is trial 27 with value: 0.6571112473848415.[0m
  [Trial 027] value=0.6571
[32m[I 2026-08-23 07:59:05,263][0m Trial 28 finished with value: 0.6449516725820936 and parameters: {'dropout': 0.5562305639792271, 'num_filters': 46, 'num_blocks': 6, 'kernel_set': 1, 'lr': 0.0028617858132582463, 'weight_decay': 1.6976704940356766e-06, 'l1_lambda': 0.0007365282333224481, 'gradient_clip': 4.046828359090579, 'loss_type': 'focal', 'focal_gamma': 2.259303083166057, 'optimizer_type': 'rmsprop', 'momentum': 0.7618766422093007, 'scheduler_type': 'plateau'}. Best is trial 27 with value: 0.6571112473848415.[0m
  [Trial 028] value=0.6450
[32m[I 2026-08-23 08:00:37,138][0m Trial 29 finished with value: 0.6358953736953966 and parameters: {'dropout': 0.5466862508712029, 'num_filters': 32, 'num_blocks': 8, 'kernel_set': 2, 'lr': 0.005075596065243105, 'weight_decay': 2.6787052617509716e-06, 'l1_lambda': 0.0008203696217621431, 'gradient_clip': 3.996240725934782, 'loss_type': 'ce', 'focal_gamma': 2.202178471802446, 'optimizer_type': 'adamw', 'momentum': 0.7202413818672648, 'scheduler_type': 'plateau'}. Best is trial 27 with value: 0.6571112473848415.[0m
  [Trial 029] value=0.6359
[32m[I 2026-08-23 08:04:49,272][0m Trial 0 finished with value: 0.6042887446752111 and parameters: {'dropout': 0.19881553049466472, 'num_channels': 944, 'kernel_size': 3, 'depth': 8, 'lr': 0.0015700565292934116, 'weight_decay': 4.301437652564222e-07, 'l1_lambda': 0.00010582851543185218, 'gradient_clip': 4.160150315623036, 'loss_type': 'focal', 'focal_gamma': 2.1539234765876714, 'optimizer_type': 'sgd', 'momentum': 0.8626155113041608, 'scheduler_type': 'cosine'}. Best is trial 0 with value: 0.6042887446752111.[0m
  [Trial 000] value=0.6043
[32m[I 2026-08-23 08:05:31,552][0m Trial 1 finished with value: 0.608325585130956 and parameters: {'dropout': 0.2692935425537769, 'num_channels': 38, 'kernel_size': 7, 'depth': 2, 'lr': 0.00012802318109191255, 'weight_decay': 0.0011212410031210512, 'l1_lambda': 9.624326978269073e-08, 'gradient_clip': 3.064628490029697, 'loss_type': 'ce', 'focal_gamma': 1.1841411283900598, 'optimizer_type': 'sgd', 'momentum': 0.8216704249388508, 'scheduler_type': 'cosine'}. Best is trial 1 with value: 0.608325585130956.[0m
  [Trial 001] value=0.6083
[32m[I 2026-08-23 08:06:28,006][0m Trial 2 finished with value: 0.6230416701828879 and parameters: {'dropout': 0.35038085384965734, 'num_channels': 105, 'kernel_size': 11, 'depth': 7, 'lr': 5.46837187196866e-05, 'weight_decay': 0.06000988263374868, 'l1_lambda': 9.144794150914823e-07, 'gradient_clip': 4.740129944561835, 'loss_type': 'ce', 'focal_gamma': 4.258533215924715, 'optimizer_type': 'adamw', 'momentum': 0.7121663993004538, 'scheduler_type': 'cosine'}. Best is trial 2 with value: 0.6230416701828879.[0m
  [Trial 002] value=0.6230
[33m[W 2026-08-23 08:06:32,974][0m Trial 3 failed with parameters: {'dropout': 0.373564259385403, 'num_channels': 759, 'kernel_size': 3, 'depth': 12, 'lr': 0.00013012868692571, 'weight_decay': 8.204789045016532e-07, 'l1_lambda': 0.00010223952779472398, 'gradient_clip': 1.657748820187969, 'loss_type': 'ce', 'focal_gamma': 3.447263285093295, 'optimizer_type': 'adamw', 'momentum': 0.9728988834447, 'scheduler_type': 'plateau'} because of the following error: OutOfMemoryError('CUDA out of memory. Tried to allocate 762.00 MiB. GPU 0 has a total capacity of 7.61 GiB of which 194.81 MiB is free. Process 763453 has 304.00 MiB memory in use. Including non-PyTorch memory, this process has 4.63 GiB memory in use. Process 766008 has 2.49 GiB memory in use. Of the allocated memory 3.15 GiB is allocated by PyTorch, and 1.33 GiB is reserved by PyTorch but unallocated. If reserved but unallocated memory is large try setting PYTORCH_CUDA_ALLOC_CONF=expandable_segments:True to avoid fragmentation.  See documentation for Memory Management  (https://pytorch.org/docs/stable/notes/cuda.html#environment-variables)').[0m
Traceback (most recent call last):
  File [35m"/slurm_shared/home/andrepedroribeiro@av.it.pt/inMotion/.venv/lib/python3.13/site-packages/optuna/study/_optimize.py"[0m, line [35m206[0m, in [35m_run_trial[0m
    value_or_values = func(trial)
  File [35m"/slurm_shared/home/andrepedroribeiro@av.it.pt/inMotion/dl/optimization.py"[0m, line [35m359[0m, in [35mobjective[0m
    return _train_and_eval(
        model, config, tr_loader, val_loader, trial, f"hpo_{model_type}", mode=hpo_mode
    )
  File [35m"/slurm_shared/home/andrepedroribeiro@av.it.pt/inMotion/dl/optimization.py"[0m, line [35m173[0m, in [35m_train_and_eval[0m
    result = trainer.fit(model, tr_loader, val_loader)
  File [35m"/slurm_shared/home/andrepedroribeiro@av.it.pt/inMotion/dl/training.py"[0m, line [35m218[0m, in [35mfit[0m
    tr_loss, _, _ = [31mself._step[0m[1;31m(model, train_loader, criterion, optimizer, train=True)[0m
                    [31m~~~~~~~~~~[0m[1;31m^^^^^^^^^^^^^^^^^^^^^^^^^^^^^^^^^^^^^^^^^^^^^^^^^^^^^^^[0m
  File [35m"/slurm_shared/home/andrepedroribeiro@av.it.pt/inMotion/dl/training.py"[0m, line [35m103[0m, in [35m_step[0m
    logits = model(X_mixed)
  File [35m"/slurm_shared/home/andrepedroribeiro@av.it.pt/inMotion/.venv/lib/python3.13/site-packages/torch/nn/modules/module.py"[0m, line [35m1775[0m, in [35m_wrapped_call_impl[0m
    return [31mself._call_impl[0m[1;31m(*args, **kwargs)[0m
           [31m~~~~~~~~~~~~~~~[0m[1;31m^^^^^^^^^^^^^^^^^[0m
  File [35m"/slurm_shared/home/andrepedroribeiro@av.it.pt/inMotion/.venv/lib/python3.13/site-packages/torch/nn/modules/module.py"[0m, line [35m1786[0m, in [35m_call_impl[0m
    return forward_call(*args, **kwargs)
  File [35m"/slurm_shared/home/andrepedroribeiro@av.it.pt/inMotion/dl/models/tcn.py"[0m, line [35m122[0m, in [35mforward[0m
    x = self.network(x)  # → (B, num_channels, T)
  File [35m"/slurm_shared/home/andrepedroribeiro@av.it.pt/inMotion/.venv/lib/python3.13/site-packages/torch/nn/modules/module.py"[0m, line [35m1775[0m, in [35m_wrapped_call_impl[0m
    return [31mself._call_impl[0m[1;31m(*args, **kwargs)[0m
           [31m~~~~~~~~~~~~~~~[0m[1;31m^^^^^^^^^^^^^^^^^[0m
  File [35m"/slurm_shared/home/andrepedroribeiro@av.it.pt/inMotion/.venv/lib/python3.13/site-packages/torch/nn/modules/module.py"[0m, line [35m1786[0m, in [35m_call_impl[0m
    return forward_call(*args, **kwargs)
  File [35m"/slurm_shared/home/andrepedroribeiro@av.it.pt/inMotion/.venv/lib/python3.13/site-packages/torch/nn/modules/container.py"[0m, line [35m250[0m, in [35mforward[0m
    input = module(input)
  File [35m"/slurm_shared/home/andrepedroribeiro@av.it.pt/inMotion/.venv/lib/python3.13/site-packages/torch/nn/modules/module.py"[0m, line [35m1775[0m, in [35m_wrapped_call_impl[0m
    return [31mself._call_impl[0m[1;31m(*args, **kwargs)[0m
           [31m~~~~~~~~~~~~~~~[0m[1;31m^^^^^^^^^^^^^^^^^[0m
  File [35m"/slurm_shared/home/andrepedroribeiro@av.it.pt/inMotion/.venv/lib/python3.13/site-packages/torch/nn/modules/module.py"[0m, line [35m1786[0m, in [35m_call_impl[0m
    return forward_call(*args, **kwargs)
  File [35m"/slurm_shared/home/andrepedroribeiro@av.it.pt/inMotion/dl/models/tcn.py"[0m, line [35m77[0m, in [35mforward[0m
    out = self.act(self.bn2([31mself.conv2[0m[1;31m(out)[0m))
                            [31m~~~~~~~~~~[0m[1;31m^^^^^[0m
  File [35m"/slurm_shared/home/andrepedroribeiro@av.it.pt/inMotion/.venv/lib/python3.13/site-packages/torch/nn/modules/module.py"[0m, line [35m1775[0m, in [35m_wrapped_call_impl[0m
    return [31mself._call_impl[0m[1;31m(*args, **kwargs)[0m
           [31m~~~~~~~~~~~~~~~[0m[1;31m^^^^^^^^^^^^^^^^^[0m
  File [35m"/slurm_shared/home/andrepedroribeiro@av.it.pt/inMotion/.venv/lib/python3.13/site-packages/torch/nn/modules/module.py"[0m, line [35m1786[0m, in [35m_call_impl[0m
    return forward_call(*args, **kwargs)
  File [35m"/slurm_shared/home/andrepedroribeiro@av.it.pt/inMotion/dl/models/tcn.py"[0m, line [35m44[0m, in [35mforward[0m
    x = F.pad(x, (self.causal_pad, 0))
  File [35m"/slurm_shared/home/andrepedroribeiro@av.it.pt/inMotion/.venv/lib/python3.13/site-packages/torch/nn/functional.py"[0m, line [35m5294[0m, in [35mpad[0m
    return [31mtorch._C._nn.pad[0m[1;31m(input, pad, mode, value)[0m
           [31m~~~~~~~~~~~~~~~~[0m[1;31m^^^^^^^^^^^^^^^^^^^^^^^^^[0m
[1;35mtorch.OutOfMemoryError[0m: [35mCUDA out of memory. Tried to allocate 762.00 MiB. GPU 0 has a total capacity of 7.61 GiB of which 194.81 MiB is free. Process 763453 has 304.00 MiB memory in use. Including non-PyTorch memory, this process has 4.63 GiB memory in use. Process 766008 has 2.49 GiB memory in use. Of the allocated memory 3.15 GiB is allocated by PyTorch, and 1.33 GiB is reserved by PyTorch but unallocated. If reserved but unallocated memory is large try setting PYTORCH_CUDA_ALLOC_CONF=expandable_segments:True to avoid fragmentation.  See documentation for Memory Management  (https://pytorch.org/docs/stable/notes/cuda.html#environment-variables)[0m
[33m[W 2026-08-23 08:06:32,993][0m Trial 3 failed with value None.[0m
[32m[I 2026-08-23 08:07:33,686][0m Trial 0 finished with value: 0.6406335037914656 and parameters: {'dropout': 0.11483638203172099, 'd_model': 128, 'n_heads': 8, 'num_layers': 3, 'lr': 7.47106751618923e-05, 'weight_decay': 2.284643358581103e-06, 'l1_lambda': 0.00022262776861209935, 'gradient_clip': 4.917506848721367, 'loss_type': 'focal', 'focal_gamma': 2.5527805908986037, 'optimizer_type': 'adamw', 'momentum': 0.7732971075099038, 'scheduler_type': 'cosine'}. Best is trial 0 with value: 0.6406335037914656.[0m
  [Trial 000] value=0.6406
[32m[I 2026-08-23 08:09:07,310][0m Trial 1 finished with value: 0.6217554245056115 and parameters: {'dropout': 0.05783045221341225, 'd_model': 512, 'n_heads': 2, 'num_layers': 5, 'lr': 0.0006793902038610901, 'weight_decay': 0.00044001666198890173, 'l1_lambda': 2.258875321503911e-06, 'gradient_clip': 2.275266867412544, 'loss_type': 'focal', 'focal_gamma': 1.0008160625098848, 'optimizer_type': 'adamw', 'momentum': 0.96036644009333, 'scheduler_type': 'plateau'}. Best is trial 0 with value: 0.6406335037914656.[0m
  [Trial 001] value=0.6218
[32m[I 2026-08-23 08:10:51,762][0m Trial 2 finished with value: 0.6301415980033737 and parameters: {'dropout': 0.1575636972463501, 'd_model': 256, 'n_heads': 16, 'num_layers': 7, 'lr': 0.000388518551234455, 'weight_decay': 0.007598468636467506, 'l1_lambda': 5.057782355699517e-05, 'gradient_clip': 3.9746266944155364, 'loss_type': 'focal', 'focal_gamma': 3.039553748162483, 'optimizer_type': 'adamw', 'momentum': 0.9103883806853531, 'scheduler_type': 'plateau'}. Best is trial 0 with value: 0.6406335037914656.[0m
  [Trial 002] value=0.6301
[32m[I 2026-08-23 08:12:10,777][0m Trial 3 finished with value: 0.5828821607540412 and parameters: {'dropout': 0.2900954282887401, 'd_model': 32, 'n_heads': 16, 'num_layers': 7, 'lr': 6.047229347943545e-05, 'weight_decay': 2.739287525458065e-05, 'l1_lambda': 0.006042125316658616, 'gradient_clip': 3.194502370772908, 'loss_type': 'focal', 'focal_gamma': 1.9205783174515556, 'optimizer_type': 'adamw', 'momentum': 0.9857427570800212, 'scheduler_type': 'plateau'}. Best is trial 0 with value: 0.6406335037914656.[0m
  [Trial 003] value=0.5829
[32m[I 2026-08-23 08:12:56,919][0m Trial 4 finished with value: 0.6377672106403655 and parameters: {'dropout': 0.2171991984727792, 'd_model': 512, 'n_heads': 2, 'num_layers': 2, 'lr': 0.00018577965266863234, 'weight_decay': 0.03809447670736578, 'l1_lambda': 8.58970383850752e-06, 'gradient_clip': 2.3008206309782167, 'loss_type': 'ce', 'focal_gamma': 2.28553059140093, 'optimizer_type': 'adamw', 'momentum': 0.8180186196727945, 'scheduler_type': 'plateau'}. Best is trial 0 with value: 0.6406335037914656.[0m
  [Trial 004] value=0.6378
[32m[I 2026-08-23 08:13:46,793][0m Trial 5 finished with value: 0.6390031638435962 and parameters: {'dropout': 0.0970751010058165, 'd_model': 128, 'n_heads': 2, 'num_layers': 4, 'lr': 0.00022963202976554882, 'weight_decay': 0.00033509316744721534, 'l1_lambda': 6.722682207772485e-06, 'gradient_clip': 1.3559344464128937, 'loss_type': 'focal', 'focal_gamma': 3.7857644715837764, 'optimizer_type': 'adamw', 'momentum': 0.9192206278471973, 'scheduler_type': 'plateau'}. Best is trial 0 with value: 0.6406335037914656.[0m
  [Trial 005] value=0.6390
[32m[I 2026-08-23 08:14:26,662][0m Trial 6 finished with value: 0.632691382056391 and parameters: {'dropout': 0.06256034348378818, 'd_model': 64, 'n_heads': 16, 'num_layers': 2, 'lr': 0.00014614653696855251, 'weight_decay': 0.0001887085441518464, 'l1_lambda': 1.3677333034182783e-05, 'gradient_clip': 1.0597731261521344, 'loss_type': 'ce', 'focal_gamma': 1.7484656946147914, 'optimizer_type': 'adamw', 'momentum': 0.9372275828263337, 'scheduler_type': 'plateau'}. Best is trial 0 with value: 0.6406335037914656.[0m
  [Trial 006] value=0.6327
[32m[I 2026-08-23 08:16:05,221][0m Trial 7 finished with value: 0.6265202021996239 and parameters: {'dropout': 0.1891779452071794, 'd_model': 512, 'n_heads': 2, 'num_layers': 5, 'lr': 0.0006275000699181007, 'weight_decay': 0.000293298220801246, 'l1_lambda': 4.781003843996447e-06, 'gradient_clip': 1.0785210295548804, 'loss_type': 'focal', 'focal_gamma': 1.854516891206778, 'optimizer_type': 'adamw', 'momentum': 0.7252882823195778, 'scheduler_type': 'cosine'}. Best is trial 0 with value: 0.6406335037914656.[0m
  [Trial 007] value=0.6265
[32m[I 2026-08-23 08:16:44,839][0m Trial 8 finished with value: 0.5959228538276325 and parameters: {'dropout': 0.2038084848909374, 'd_model': 512, 'n_heads': 2, 'num_layers': 2, 'lr': 0.0027336714072526812, 'weight_decay': 0.00030954603609507203, 'l1_lambda': 1.5716004940503282e-07, 'gradient_clip': 4.169714094660778, 'loss_type': 'focal', 'focal_gamma': 2.026228412940785, 'optimizer_type': 'adamw', 'momentum': 0.9704306790480801, 'scheduler_type': 'cosine'}. Best is trial 0 with value: 0.6406335037914656.[0m
  [Trial 008] value=0.5959
[32m[I 2026-08-23 08:17:28,840][0m Trial 9 finished with value: 0.6448752629734973 and parameters: {'dropout': 0.11630014810324545, 'd_model': 128, 'n_heads': 8, 'num_layers': 5, 'lr': 0.0002846939315271429, 'weight_decay': 3.865165807545676e-06, 'l1_lambda': 2.959645888681419e-06, 'gradient_clip': 4.6195471402097565, 'loss_type': 'focal', 'focal_gamma': 2.7512586056303077, 'optimizer_type': 'adamw', 'momentum': 0.7647253301767688, 'scheduler_type': 'cosine'}. Best is trial 9 with value: 0.6448752629734973.[0m
  [Trial 009] value=0.6449
[32m[I 2026-08-23 08:18:18,850][0m Trial 10 finished with value: 0.634273257385803 and parameters: {'dropout': 0.1419736034745979, 'd_model': 128, 'n_heads': 8, 'num_layers': 8, 'lr': 0.0017949840225688508, 'weight_decay': 1.298830729880183e-07, 'l1_lambda': 1.1737529142451853e-08, 'gradient_clip': 4.958478505232338, 'loss_type': 'ce', 'focal_gamma': 4.912514284661504, 'optimizer_type': 'adamw', 'momentum': 0.8508937014407212, 'scheduler_type': 'cosine'}. Best is trial 9 with value: 0.6448752629734973.[0m
  [Trial 010] value=0.6343
[32m[I 2026-08-23 08:19:14,757][0m Trial 11 finished with value: 0.6335672375152941 and parameters: {'dropout': 0.11783849179535233, 'd_model': 128, 'n_heads': 8, 'num_layers': 4, 'lr': 5.108118746980752e-05, 'weight_decay': 1.2747944561585085e-06, 'l1_lambda': 0.0003423535219597047, 'gradient_clip': 4.808105810568698, 'loss_type': 'focal', 'focal_gamma': 3.02696800830087, 'optimizer_type': 'adamw', 'momentum': 0.7371814472174524, 'scheduler_type': 'cosine'}. Best is trial 9 with value: 0.6448752629734973.[0m
  [Trial 011] value=0.6336
[32m[I 2026-08-23 08:19:54,955][0m Trial 12 finished with value: 0.6039828274169967 and parameters: {'dropout': 0.10617619149636037, 'd_model': 128, 'n_heads': 4, 'num_layers': 3, 'lr': 9.48608202354317e-05, 'weight_decay': 5.767793523188164e-06, 'l1_lambda': 0.0012349853833750046, 'gradient_clip': 3.875773450550103, 'loss_type': 'focal', 'focal_gamma': 3.578926488379306, 'optimizer_type': 'adamw', 'momentum': 0.781984383498955, 'scheduler_type': 'cosine'}. Best is trial 9 with value: 0.6448752629734973.[0m
  [Trial 012] value=0.6040
[32m[I 2026-08-23 08:20:49,108][0m Trial 13 finished with value: 0.6350570834077234 and parameters: {'dropout': 0.13153096880094012, 'd_model': 128, 'n_heads': 8, 'num_layers': 6, 'lr': 0.00033796309423108354, 'weight_decay': 6.286205385534992e-07, 'l1_lambda': 5.044252965242897e-07, 'gradient_clip': 3.249103019374316, 'loss_type': 'focal', 'focal_gamma': 2.6237836111776174, 'optimizer_type': 'adamw', 'momentum': 0.7778247477096693, 'scheduler_type': 'cosine'}. Best is trial 9 with value: 0.6448752629734973.[0m
  [Trial 013] value=0.6351
[32m[I 2026-08-23 08:21:48,003][0m Trial 14 finished with value: 0.6162320040414465 and parameters: {'dropout': 0.16456598250701301, 'd_model': 64, 'n_heads': 8, 'num_layers': 1, 'lr': 9.785928479306128e-05, 'weight_decay': 1.1303286405665955e-05, 'l1_lambda': 0.0001763321342099589, 'gradient_clip': 4.5107227399905065, 'loss_type': 'ce', 'focal_gamma': 3.74206189548476, 'optimizer_type': 'adamw', 'momentum': 0.8579606385971958, 'scheduler_type': 'cosine'}. Best is trial 9 with value: 0.6448752629734973.[0m
  [Trial 014] value=0.6162
[32m[I 2026-08-23 08:22:47,298][0m Trial 15 finished with value: 0.6311651465331388 and parameters: {'dropout': 0.2489324760657995, 'd_model': 32, 'n_heads': 8, 'num_layers': 3, 'lr': 0.001111541601188152, 'weight_decay': 1.7630711791503562e-06, 'l1_lambda': 4.961710295629348e-05, 'gradient_clip': 3.7520676531417205, 'loss_type': 'focal', 'focal_gamma': 1.2205494990203296, 'optimizer_type': 'adamw', 'momentum': 0.7697495884436367, 'scheduler_type': 'cosine'}. Best is trial 9 with value: 0.6448752629734973.[0m
  [Trial 015] value=0.6312
[32m[I 2026-08-23 08:23:51,471][0m Trial 16 finished with value: 0.6326712335066824 and parameters: {'dropout': 0.08398519061956881, 'd_model': 256, 'n_heads': 4, 'num_layers': 6, 'lr': 0.00011011772711636118, 'weight_decay': 1.0420852462768003e-07, 'l1_lambda': 2.5868708608935145e-07, 'gradient_clip': 4.430964946573971, 'loss_type': 'focal', 'focal_gamma': 2.6515421616869923, 'optimizer_type': 'adamw', 'momentum': 0.703341149357825, 'scheduler_type': 'cosine'}. Best is trial 9 with value: 0.6448752629734973.[0m
  [Trial 016] value=0.6327
[32m[I 2026-08-23 08:24:22,969][0m Trial 17 finished with value: 0.6050336718062624 and parameters: {'dropout': 0.08469609148549945, 'd_model': 128, 'n_heads': 8, 'num_layers': 3, 'lr': 0.00028224852934771944, 'weight_decay': 2.871312190803455e-05, 'l1_lambda': 0.007538756724020989, 'gradient_clip': 3.346509724865549, 'loss_type': 'focal', 'focal_gamma': 3.3809412732179913, 'optimizer_type': 'adamw', 'momentum': 0.8149117181304816, 'scheduler_type': 'cosine'}. Best is trial 9 with value: 0.6448752629734973.[0m
  [Trial 017] value=0.6050
[32m[I 2026-08-23 08:25:43,960][0m Trial 18 finished with value: 0.645137351910466 and parameters: {'dropout': 0.14158032873937276, 'd_model': 128, 'n_heads': 8, 'num_layers': 4, 'lr': 0.0005190808891755867, 'weight_decay': 4.363755508919146e-06, 'l1_lambda': 0.0007509915763960318, 'gradient_clip': 2.5293767183183284, 'loss_type': 'ce', 'focal_gamma': 4.338413871919096, 'optimizer_type': 'adamw', 'momentum': 0.753519379706233, 'scheduler_type': 'cosine'}. Best is trial 18 with value: 0.645137351910466.[0m
  [Trial 018] value=0.6451
[32m[I 2026-08-23 08:26:38,919][0m Trial 19 finished with value: 0.6564127163794263 and parameters: {'dropout': 0.23407702020824855, 'd_model': 128, 'n_heads': 8, 'num_layers': 6, 'lr': 0.0005299439759294297, 'weight_decay': 0.0024369864080181197, 'l1_lambda': 1.057375144412032e-06, 'gradient_clip': 1.8419417004631713, 'loss_type': 'ce', 'focal_gamma': 4.8467407132197655, 'optimizer_type': 'adamw', 'momentum': 0.743215195812082, 'scheduler_type': 'cosine'}. Best is trial 19 with value: 0.6564127163794263.[0m
  [Trial 019] value=0.6564
[32m[I 2026-08-23 08:28:12,058][0m Trial 20 finished with value: 0.6493753537702076 and parameters: {'dropout': 0.24184939809987088, 'd_model': 32, 'n_heads': 4, 'num_layers': 6, 'lr': 0.0005438289070446155, 'weight_decay': 0.0028364678608658834, 'l1_lambda': 3.904590471925884e-08, 'gradient_clip': 1.7961351144613045, 'loss_type': 'ce', 'focal_gamma': 4.9413552275912735, 'optimizer_type': 'adamw', 'momentum': 0.7364146032496374, 'scheduler_type': 'cosine'}. Best is trial 19 with value: 0.6564127163794263.[0m
  [Trial 020] value=0.6494
[32m[I 2026-08-23 08:29:20,363][0m Trial 21 finished with value: 0.6496614783490613 and parameters: {'dropout': 0.24363122674893134, 'd_model': 32, 'n_heads': 4, 'num_layers': 6, 'lr': 0.0005676730003308047, 'weight_decay': 0.0017923913366162342, 'l1_lambda': 3.285424693120019e-08, 'gradient_clip': 1.8483284871511751, 'loss_type': 'ce', 'focal_gamma': 4.977317579490375, 'optimizer_type': 'adamw', 'momentum': 0.7361847231260656, 'scheduler_type': 'cosine'}. Best is trial 19 with value: 0.6564127163794263.[0m
  [Trial 021] value=0.6497
[32m[I 2026-08-23 08:30:20,790][0m Trial 22 finished with value: 0.6406646836113911 and parameters: {'dropout': 0.24462749069060633, 'd_model': 32, 'n_heads': 4, 'num_layers': 6, 'lr': 0.0009793587786354181, 'weight_decay': 0.0026802657623316924, 'l1_lambda': 1.3631467072839068e-08, 'gradient_clip': 1.774373445095001, 'loss_type': 'ce', 'focal_gamma': 4.959545747981252, 'optimizer_type': 'adamw', 'momentum': 0.7112484086782653, 'scheduler_type': 'cosine'}. Best is trial 19 with value: 0.6564127163794263.[0m
  [Trial 022] value=0.6407
[32m[I 2026-08-23 08:31:31,217][0m Trial 23 finished with value: 0.6383969014781662 and parameters: {'dropout': 0.2845709761303823, 'd_model': 32, 'n_heads': 4, 'num_layers': 8, 'lr': 0.0010700303414867365, 'weight_decay': 0.0018598930701245985, 'l1_lambda': 5.4051563366981355e-08, 'gradient_clip': 1.7818569100415778, 'loss_type': 'ce', 'focal_gamma': 4.452934595297117, 'optimizer_type': 'adamw', 'momentum': 0.811300502104466, 'scheduler_type': 'cosine'}. Best is trial 19 with value: 0.6564127163794263.[0m
  [Trial 023] value=0.6384
[32m[I 2026-08-23 08:33:11,453][0m Trial 24 finished with value: 0.6421005884663223 and parameters: {'dropout': 0.2528935074741127, 'd_model': 32, 'n_heads': 4, 'num_layers': 7, 'lr': 0.00044154449457834815, 'weight_decay': 0.09968536280602112, 'l1_lambda': 5.785011854643876e-08, 'gradient_clip': 1.7351913359772309, 'loss_type': 'ce', 'focal_gamma': 4.398365836170786, 'optimizer_type': 'adamw', 'momentum': 0.7409813968074115, 'scheduler_type': 'cosine'}. Best is trial 19 with value: 0.6564127163794263.[0m
  [Trial 024] value=0.6421
[32m[I 2026-08-23 08:34:52,190][0m Trial 25 finished with value: 0.6490845342097218 and parameters: {'dropout': 0.22949748872680165, 'd_model': 32, 'n_heads': 4, 'num_layers': 6, 'lr': 0.0007260097722671925, 'weight_decay': 0.010400977637544434, 'l1_lambda': 1.1008301158119041e-06, 'gradient_clip': 0.7935320037860787, 'loss_type': 'ce', 'focal_gamma': 4.640969368618084, 'optimizer_type': 'adamw', 'momentum': 0.879250703959958, 'scheduler_type': 'cosine'}. Best is trial 19 with value: 0.6564127163794263.[0m
  [Trial 025] value=0.6491
[32m[I 2026-08-23 08:35:55,035][0m Trial 26 finished with value: 0.6501681207894554 and parameters: {'dropout': 0.2713898732886233, 'd_model': 32, 'n_heads': 4, 'num_layers': 7, 'lr': 0.001604403751258613, 'weight_decay': 0.0015703619935245015, 'l1_lambda': 4.5303955834044176e-08, 'gradient_clip': 2.0602506276229793, 'loss_type': 'ce', 'focal_gamma': 4.022034171687249, 'optimizer_type': 'adamw', 'momentum': 0.7220108603171198, 'scheduler_type': 'cosine'}. Best is trial 19 with value: 0.6564127163794263.[0m
  [Trial 026] value=0.6502
[32m[I 2026-08-23 08:37:07,226][0m Trial 27 finished with value: 0.6472235555518181 and parameters: {'dropout': 0.26821419650862, 'd_model': 32, 'n_heads': 4, 'num_layers': 7, 'lr': 0.0016691781206217252, 'weight_decay': 0.001163114470446563, 'l1_lambda': 6.824464672193824e-07, 'gradient_clip': 2.135492805898109, 'loss_type': 'ce', 'focal_gamma': 4.052786911545604, 'optimizer_type': 'adamw', 'momentum': 0.798012140585024, 'scheduler_type': 'cosine'}. Best is trial 19 with value: 0.6564127163794263.[0m
  [Trial 027] value=0.6472
[32m[I 2026-08-23 08:38:21,130][0m Trial 28 finished with value: 0.6406395063781622 and parameters: {'dropout': 0.26801065909644134, 'd_model': 64, 'n_heads': 4, 'num_layers': 8, 'lr': 0.0015070805367591652, 'weight_decay': 0.008651767484227427, 'l1_lambda': 1.1549153053821772e-07, 'gradient_clip': 2.7694711968325545, 'loss_type': 'ce', 'focal_gamma': 4.668163548130714, 'optimizer_type': 'adamw', 'momentum': 0.7015544131147252, 'scheduler_type': 'cosine'}. Best is trial 19 with value: 0.6564127163794263.[0m
  [Trial 028] value=0.6406
[32m[I 2026-08-23 08:39:10,790][0m Trial 29 finished with value: 0.6305590929974124 and parameters: {'dropout': 0.2995261802417268, 'd_model': 256, 'n_heads': 4, 'num_layers': 7, 'lr': 0.002477586357787084, 'weight_decay': 0.022144724189572685, 'l1_lambda': 3.114286480162451e-08, 'gradient_clip': 1.4124492302690435, 'loss_type': 'ce', 'focal_gamma': 4.072593361680857, 'optimizer_type': 'adamw', 'momentum': 0.7486352724866653, 'scheduler_type': 'cosine'}. Best is trial 19 with value: 0.6564127163794263.[0m
  [Trial 029] value=0.6306
[32m[I 2026-08-23 08:41:57,531][0m Trial 0 finished with value: 0.6505031752161646 and parameters: {'dropout': 0.6563178645070186, 'hidden_size': 56, 'num_layers': 8, 'use_attention': False, 'lr': 0.0002300908513859037, 'weight_decay': 0.022710786979559708, 'l1_lambda': 1.0456491054953445e-05, 'gradient_clip': 3.7498737352071347, 'loss_type': 'focal', 'focal_gamma': 2.9571225424409984, 'optimizer_type': 'adamw', 'momentum': 0.9358434548235841, 'scheduler_type': 'cosine'}. Best is trial 0 with value: 0.6505031752161646.[0m
  [Trial 000] value=0.6505
[32m[I 2026-08-23 08:42:19,904][0m Trial 1 finished with value: 0.0 and parameters: {'dropout': 0.4527698043317047, 'hidden_size': 60, 'num_layers': 5, 'use_attention': True, 'lr': 0.007812577402925071, 'weight_decay': 0.00642199998323946, 'l1_lambda': 2.6370310607093375e-06, 'gradient_clip': 2.5825510496655095, 'loss_type': 'focal', 'focal_gamma': 3.527735476041298, 'optimizer_type': 'rmsprop', 'momentum': 0.9611061439923625, 'scheduler_type': 'plateau'}. Best is trial 0 with value: 0.6505031752161646.[0m
  [Trial 001] value=0.0000
[32m[I 2026-08-23 08:46:07,967][0m Trial 2 finished with value: 0.5083348658187118 and parameters: {'dropout': 0.20231579082712037, 'hidden_size': 946, 'num_layers': 3, 'use_attention': True, 'lr': 0.00010607595663119398, 'weight_decay': 8.541286342863047e-05, 'l1_lambda': 1.623247706701982e-05, 'gradient_clip': 1.0178261011071337, 'loss_type': 'ce', 'focal_gamma': 2.3863888708937266, 'optimizer_type': 'sgd', 'momentum': 0.7174517207720364, 'scheduler_type': 'plateau'}. Best is trial 0 with value: 0.6505031752161646.[0m
  [Trial 002] value=0.5083
[32m[I 2026-08-23 08:46:37,474][0m Trial 3 finished with value: 0.5320704293470214 and parameters: {'dropout': 0.24474143290723832, 'hidden_size': 59, 'num_layers': 3, 'use_attention': False, 'lr': 0.00010373943236514688, 'weight_decay': 0.0827254855771445, 'l1_lambda': 4.5541871680233416e-05, 'gradient_clip': 1.2033652743518188, 'loss_type': 'focal', 'focal_gamma': 4.576920259972187, 'optimizer_type': 'rmsprop', 'momentum': 0.7881367327656691, 'scheduler_type': 'cosine'}. Best is trial 0 with value: 0.6505031752161646.[0m
  [Trial 003] value=0.5321
[32m[I 2026-08-23 08:47:17,547][0m Trial 4 finished with value: 0.0 and parameters: {'dropout': 0.2362579489634748, 'hidden_size': 352, 'num_layers': 6, 'use_attention': False, 'lr': 0.023097840448131117, 'weight_decay': 6.626199691727126e-07, 'l1_lambda': 0.00012701849024407657, 'gradient_clip': 4.221605172973473, 'loss_type': 'ce', 'focal_gamma': 3.566375383770671, 'optimizer_type': 'rmsprop', 'momentum': 0.8534156102754492, 'scheduler_type': 'cosine'}. Best is trial 0 with value: 0.6505031752161646.[0m
  [Trial 004] value=0.0000
[32m[I 2026-08-23 08:48:16,467][0m Trial 5 finished with value: 0.6413293751544906 and parameters: {'dropout': 0.4704975419511735, 'hidden_size': 223, 'num_layers': 8, 'use_attention': True, 'lr': 0.0001819433518437493, 'weight_decay': 8.211571962403446e-07, 'l1_lambda': 4.9114920427125146e-08, 'gradient_clip': 1.2317687081483026, 'loss_type': 'focal', 'focal_gamma': 3.952950560123822, 'optimizer_type': 'rmsprop', 'momentum': 0.7430723363632695, 'scheduler_type': 'cosine'}. Best is trial 0 with value: 0.6505031752161646.[0m
  [Trial 005] value=0.6413
[32m[I 2026-08-23 08:49:34,448][0m Trial 6 finished with value: 0.5966861153882118 and parameters: {'dropout': 0.5723420677502555, 'hidden_size': 642, 'num_layers': 4, 'use_attention': True, 'lr': 0.0004381533330265518, 'weight_decay': 0.0001567688146214385, 'l1_lambda': 1.3966293714915816e-05, 'gradient_clip': 0.7895848663271698, 'loss_type': 'ce', 'focal_gamma': 2.030356956064991, 'optimizer_type': 'rmsprop', 'momentum': 0.8033578229478047, 'scheduler_type': 'cosine'}. Best is trial 0 with value: 0.6505031752161646.[0m
  [Trial 006] value=0.5967
[32m[I 2026-08-23 08:51:22,194][0m Trial 7 finished with value: 0.29494816790245104 and parameters: {'dropout': 0.4634263267694809, 'hidden_size': 635, 'num_layers': 7, 'use_attention': True, 'lr': 0.000983165248976867, 'weight_decay': 0.0052308683624082185, 'l1_lambda': 0.0002580705922802699, 'gradient_clip': 2.111206511292922, 'loss_type': 'ce', 'focal_gamma': 4.792643499768195, 'optimizer_type': 'sgd', 'momentum': 0.9089250399625604, 'scheduler_type': 'cosine'}. Best is trial 0 with value: 0.6505031752161646.[0m
  [Trial 007] value=0.2949
[32m[I 2026-08-23 08:51:40,601][0m Trial 8 finished with value: 0.6079826495535744 and parameters: {'dropout': 0.3228537809470253, 'hidden_size': 78, 'num_layers': 2, 'use_attention': False, 'lr': 0.0043419423177765626, 'weight_decay': 0.003153604071955944, 'l1_lambda': 8.580846204925338e-05, 'gradient_clip': 1.9962008268281326, 'loss_type': 'focal', 'focal_gamma': 2.392271416131773, 'optimizer_type': 'rmsprop', 'momentum': 0.9158421972112135, 'scheduler_type': 'plateau'}. Best is trial 0 with value: 0.6505031752161646.[0m
  [Trial 008] value=0.6080
[32m[I 2026-08-23 08:52:24,473][0m Trial 9 finished with value: 0.0 and parameters: {'dropout': 0.6690941118849754, 'hidden_size': 479, 'num_layers': 8, 'use_attention': False, 'lr': 0.03823775823805976, 'weight_decay': 0.0009516469464764596, 'l1_lambda': 0.006271314638824338, 'gradient_clip': 3.814826972593802, 'loss_type': 'focal', 'focal_gamma': 3.2211797422546122, 'optimizer_type': 'adamw', 'momentum': 0.8341256534829851, 'scheduler_type': 'cosine'}. Best is trial 0 with value: 0.6505031752161646.[0m
  [Trial 009] value=0.0000
[32m[I 2026-08-23 08:52:56,538][0m Trial 10 finished with value: 0.6425502731315688 and parameters: {'dropout': 0.061282734569967134, 'hidden_size': 116, 'num_layers': 6, 'use_attention': False, 'lr': 0.0005656969629985399, 'weight_decay': 0.06661816655862966, 'l1_lambda': 3.7873693062584903e-07, 'gradient_clip': 4.772742260413544, 'loss_type': 'focal', 'focal_gamma': 1.1267998070523095, 'optimizer_type': 'adamw', 'momentum': 0.9849356233482154, 'scheduler_type': 'plateau'}. Best is trial 0 with value: 0.6505031752161646.[0m
  [Trial 010] value=0.6426
[32m[I 2026-08-23 08:53:21,686][0m Trial 11 finished with value: 0.6377163030268831 and parameters: {'dropout': 0.056104657841317476, 'hidden_size': 32, 'num_layers': 6, 'use_attention': False, 'lr': 0.0005381151336649681, 'weight_decay': 0.0780081251607925, 'l1_lambda': 4.259719934794557e-07, 'gradient_clip': 4.843727579908825, 'loss_type': 'focal', 'focal_gamma': 1.1645773718147807, 'optimizer_type': 'adamw', 'momentum': 0.9870978504320445, 'scheduler_type': 'plateau'}. Best is trial 0 with value: 0.6505031752161646.[0m
  [Trial 011] value=0.6377
[32m[I 2026-08-23 08:53:57,827][0m Trial 12 finished with value: 0.6390362795948966 and parameters: {'dropout': 0.05391663444733025, 'hidden_size': 118, 'num_layers': 7, 'use_attention': False, 'lr': 0.0016415525108854961, 'weight_decay': 0.07955512090770132, 'l1_lambda': 5.110215102029244e-07, 'gradient_clip': 3.5410446879919313, 'loss_type': 'focal', 'focal_gamma': 1.10635404427173, 'optimizer_type': 'adamw', 'momentum': 0.9294951223724295, 'scheduler_type': 'plateau'}. Best is trial 0 with value: 0.6505031752161646.[0m
  [Trial 012] value=0.6390
[32m[I 2026-08-23 08:54:37,986][0m Trial 13 finished with value: 0.6470070886008273 and parameters: {'dropout': 0.6474121856356426, 'hidden_size': 144, 'num_layers': 6, 'use_attention': False, 'lr': 0.0003912081803212897, 'weight_decay': 3.575051892429363e-05, 'l1_lambda': 2.815135835003321e-08, 'gradient_clip': 4.819467442713943, 'loss_type': 'focal', 'focal_gamma': 1.6234550568090025, 'optimizer_type': 'adamw', 'momentum': 0.8823481879696575, 'scheduler_type': 'plateau'}. Best is trial 0 with value: 0.6505031752161646.[0m
  [Trial 013] value=0.6470
[32m[I 2026-08-23 08:55:52,972][0m Trial 14 finished with value: 0.6449499100695104 and parameters: {'dropout': 0.6694470525184963, 'hidden_size': 201, 'num_layers': 8, 'use_attention': False, 'lr': 0.0002208217421768419, 'weight_decay': 8.967663830627777e-06, 'l1_lambda': 1.4723940635193712e-08, 'gradient_clip': 3.3863239848355042, 'loss_type': 'focal', 'focal_gamma': 1.6837894972717835, 'optimizer_type': 'adamw', 'momentum': 0.8679908198952214, 'scheduler_type': 'cosine'}. Best is trial 0 with value: 0.6505031752161646.[0m
  [Trial 014] value=0.6449
[32m[I 2026-08-23 08:56:25,418][0m Trial 15 finished with value: 0.645109513678237 and parameters: {'dropout': 0.5719304630057689, 'hidden_size': 32, 'num_layers': 5, 'use_attention': False, 'lr': 0.0021661468883973477, 'weight_decay': 2.192129264792369e-05, 'l1_lambda': 2.2962675693131705e-06, 'gradient_clip': 4.517721266857606, 'loss_type': 'focal', 'focal_gamma': 2.682837972167759, 'optimizer_type': 'adamw', 'momentum': 0.8834686524617111, 'scheduler_type': 'plateau'}. Best is trial 0 with value: 0.6505031752161646.[0m
  [Trial 015] value=0.6451
[32m[I 2026-08-23 08:57:08,343][0m Trial 16 finished with value: 0.5384165039301302 and parameters: {'dropout': 0.5877039747443082, 'hidden_size': 99, 'num_layers': 7, 'use_attention': False, 'lr': 6.26103497775681e-05, 'weight_decay': 5.181923453604468e-06, 'l1_lambda': 0.001815577200332577, 'gradient_clip': 3.9445558266858076, 'loss_type': 'focal', 'focal_gamma': 1.6304746229911842, 'optimizer_type': 'adamw', 'momentum': 0.9441951746967863, 'scheduler_type': 'plateau'}. Best is trial 0 with value: 0.6505031752161646.[0m
  [Trial 016] value=0.5384
[32m[I 2026-08-23 08:58:14,372][0m Trial 17 finished with value: 0.6501227031309313 and parameters: {'dropout': 0.6909367032677252, 'hidden_size': 167, 'num_layers': 7, 'use_attention': False, 'lr': 0.0002857441470444086, 'weight_decay': 0.00028879961215506536, 'l1_lambda': 3.937136713203591e-08, 'gradient_clip': 3.27882917524348, 'loss_type': 'focal', 'focal_gamma': 2.86109349694394, 'optimizer_type': 'adamw', 'momentum': 0.8264811726016869, 'scheduler_type': 'cosine'}. Best is trial 0 with value: 0.6505031752161646.[0m
  [Trial 017] value=0.6501
[32m[I 2026-08-23 08:58:46,339][0m Trial 18 finished with value: 0.030151198099384078 and parameters: {'dropout': 0.5229979818675344, 'hidden_size': 315, 'num_layers': 8, 'use_attention': False, 'lr': 5.1549513238448307e-05, 'weight_decay': 0.0005083365393349109, 'l1_lambda': 9.675639079217778e-08, 'gradient_clip': 3.1037052030321144, 'loss_type': 'ce', 'focal_gamma': 2.949367709693222, 'optimizer_type': 'sgd', 'momentum': 0.8152857945845835, 'scheduler_type': 'cosine'}. Best is trial 0 with value: 0.6505031752161646.[0m
  [Trial 018] value=0.0302
[32m[I 2026-08-23 08:58:59,690][0m Trial 19 finished with value: 0.6357783564440322 and parameters: {'dropout': 0.6978882486607519, 'hidden_size': 48, 'num_layers': 1, 'use_attention': False, 'lr': 0.00021574873884082908, 'weight_decay': 0.013643808537068286, 'l1_lambda': 3.133215323330326e-06, 'gradient_clip': 2.7758324363445372, 'loss_type': 'focal', 'focal_gamma': 4.136195968160573, 'optimizer_type': 'adamw', 'momentum': 0.7662718939306022, 'scheduler_type': 'cosine'}. Best is trial 0 with value: 0.6505031752161646.[0m
  [Trial 019] value=0.6358
[32m[I 2026-08-23 08:59:26,434][0m Trial 20 finished with value: 0.5693595506116991 and parameters: {'dropout': 0.3753337855226009, 'hidden_size': 259, 'num_layers': 7, 'use_attention': False, 'lr': 0.000968297783041352, 'weight_decay': 0.00047055434706345055, 'l1_lambda': 0.0006285344013557666, 'gradient_clip': 2.0164472285046844, 'loss_type': 'focal', 'focal_gamma': 2.9759547798523656, 'optimizer_type': 'adamw', 'momentum': 0.8333686910134932, 'scheduler_type': 'cosine'}. Best is trial 0 with value: 0.6505031752161646.[0m
  [Trial 020] value=0.5694
[32m[I 2026-08-23 09:00:34,703][0m Trial 21 finished with value: 0.656449735064662 and parameters: {'dropout': 0.6167479764518774, 'hidden_size': 153, 'num_layers': 6, 'use_attention': False, 'lr': 0.00039358948237882207, 'weight_decay': 6.670743225876671e-05, 'l1_lambda': 2.8319108066139077e-08, 'gradient_clip': 4.207183048193145, 'loss_type': 'focal', 'focal_gamma': 2.030244448806975, 'optimizer_type': 'adamw', 'momentum': 0.8949967826869057, 'scheduler_type': 'cosine'}. Best is trial 21 with value: 0.656449735064662.[0m
  [Trial 021] value=0.6564
[32m[I 2026-08-23 09:01:19,594][0m Trial 22 finished with value: 0.6414585680350456 and parameters: {'dropout': 0.61484074750441, 'hidden_size': 169, 'num_layers': 7, 'use_attention': False, 'lr': 0.00023520637268461357, 'weight_decay': 2.2003792832576336e-06, 'l1_lambda': 1.1510402474562131e-07, 'gradient_clip': 4.09896711093461, 'loss_type': 'focal', 'focal_gamma': 2.3250320161915834, 'optimizer_type': 'adamw', 'momentum': 0.9035223294452187, 'scheduler_type': 'cosine'}. Best is trial 21 with value: 0.656449735064662.[0m
  [Trial 022] value=0.6415
[32m[I 2026-08-23 09:01:41,486][0m Trial 23 finished with value: 0.6355145489539863 and parameters: {'dropout': 0.5302133740000452, 'hidden_size': 84, 'num_layers': 5, 'use_attention': False, 'lr': 0.0009249573400672063, 'weight_decay': 0.00015773875577942728, 'l1_lambda': 1.4026296481993095e-08, 'gradient_clip': 3.4346235980721147, 'loss_type': 'focal', 'focal_gamma': 2.7090804904472563, 'optimizer_type': 'adamw', 'momentum': 0.9589106487304792, 'scheduler_type': 'cosine'}. Best is trial 21 with value: 0.656449735064662.[0m
  [Trial 023] value=0.6355
[32m[I 2026-08-23 09:02:38,393][0m Trial 24 finished with value: 0.6357687156316142 and parameters: {'dropout': 0.6337380063973875, 'hidden_size': 146, 'num_layers': 6, 'use_attention': False, 'lr': 0.00014064841267884284, 'weight_decay': 1.2359296869757592e-07, 'l1_lambda': 1.3721255222737222e-07, 'gradient_clip': 2.9193595510355137, 'loss_type': 'focal', 'focal_gamma': 3.3482963923668096, 'optimizer_type': 'adamw', 'momentum': 0.8887833885179565, 'scheduler_type': 'cosine'}. Best is trial 21 with value: 0.656449735064662.[0m
  [Trial 024] value=0.6358
[32m[I 2026-08-23 09:03:02,616][0m Trial 25 finished with value: 0.0705316363841409 and parameters: {'dropout': 0.5254292327170982, 'hidden_size': 46, 'num_layers': 8, 'use_attention': False, 'lr': 0.0003190317856198706, 'weight_decay': 0.01625192980097697, 'l1_lambda': 7.075920558262385e-07, 'gradient_clip': 4.339084709441299, 'loss_type': 'focal', 'focal_gamma': 2.1340588498193505, 'optimizer_type': 'sgd', 'momentum': 0.8587839181514529, 'scheduler_type': 'cosine'}. Best is trial 21 with value: 0.656449735064662.[0m
  [Trial 025] value=0.0705
[32m[I 2026-08-23 09:03:51,680][0m Trial 26 finished with value: 0.6431536319376905 and parameters: {'dropout': 0.6920797524104197, 'hidden_size': 288, 'num_layers': 7, 'use_attention': True, 'lr': 7.692234299078121e-05, 'weight_decay': 0.0015841060326017653, 'l1_lambda': 1.0226086109989802e-08, 'gradient_clip': 3.756028066307899, 'loss_type': 'ce', 'focal_gamma': 2.715388127959782, 'optimizer_type': 'adamw', 'momentum': 0.9342089667503038, 'scheduler_type': 'cosine'}. Best is trial 21 with value: 0.656449735064662.[0m
  [Trial 026] value=0.6432
[32m[I 2026-08-23 09:04:21,476][0m Trial 27 finished with value: 0.6361223133567172 and parameters: {'dropout': 0.5863103979066275, 'hidden_size': 86, 'num_layers': 4, 'use_attention': False, 'lr': 0.003507968050791127, 'weight_decay': 8.038932755407812e-05, 'l1_lambda': 6.998584215340812e-06, 'gradient_clip': 3.270630381182782, 'loss_type': 'focal', 'focal_gamma': 3.9747730166048965, 'optimizer_type': 'adamw', 'momentum': 0.7734657591189675, 'scheduler_type': 'cosine'}. Best is trial 21 with value: 0.656449735064662.[0m
  [Trial 027] value=0.6361
[32m[I 2026-08-23 09:05:11,562][0m Trial 28 finished with value: 0.6474172798672662 and parameters: {'dropout': 0.4068204628097744, 'hidden_size': 168, 'num_layers': 6, 'use_attention': False, 'lr': 0.0006696946772778589, 'weight_decay': 0.0003357843149866271, 'l1_lambda': 9.692496924475716e-07, 'gradient_clip': 2.643192096761001, 'loss_type': 'focal', 'focal_gamma': 1.9063564537695443, 'optimizer_type': 'adamw', 'momentum': 0.8206389889991647, 'scheduler_type': 'cosine'}. Best is trial 21 with value: 0.656449735064662.[0m
  [Trial 028] value=0.6474
[32m[I 2026-08-23 09:06:10,295][0m Trial 29 finished with value: 0.48551624806289145 and parameters: {'dropout': 0.6268246796716006, 'hidden_size': 69, 'num_layers': 5, 'use_attention': True, 'lr': 0.000292282756014564, 'weight_decay': 0.015048452301183516, 'l1_lambda': 3.08179094725794e-05, 'gradient_clip': 2.4317678339402065, 'loss_type': 'focal', 'focal_gamma': 3.652645327952081, 'optimizer_type': 'sgd', 'momentum': 0.955646654899846, 'scheduler_type': 'cosine'}. Best is trial 21 with value: 0.656449735064662.[0m
  [Trial 029] value=0.4855
[32m[I 2026-08-23 09:10:06,575][0m Trial 0 finished with value: 0.6300810178090863 and parameters: {'dropout': 0.3120198310213603, 'd_model': 64, 'd_state': 57, 'num_layers': 5, 'expand': 2, 'mimo_rank': 2, 'lr': 0.000561377726374295, 'weight_decay': 1.1456561499706768e-05, 'l1_lambda': 2.44211316505051e-07, 'gradient_clip': 4.963862423035407, 'loss_type': 'ce', 'focal_gamma': 3.760487936856346, 'optimizer_type': 'adamw', 'momentum': 0.9018372201751566, 'scheduler_type': 'plateau'}. Best is trial 0 with value: 0.6300810178090863.[0m
  [Trial 000] value=0.6301
[32m[I 2026-08-23 09:11:02,095][0m Trial 1 finished with value: 0.5451422039267141 and parameters: {'dropout': 0.21714585347447918, 'd_model': 64, 'd_state': 18, 'num_layers': 2, 'expand': 2, 'mimo_rank': 1, 'lr': 0.00021339860574117503, 'weight_decay': 1.7656287359767937e-05, 'l1_lambda': 0.004271956668627738, 'gradient_clip': 2.640578620862168, 'loss_type': 'focal', 'focal_gamma': 3.5400883764534883, 'optimizer_type': 'adamw', 'momentum': 0.9521312692525349, 'scheduler_type': 'cosine'}. Best is trial 0 with value: 0.6300810178090863.[0m
  [Trial 001] value=0.5451
[32m[I 2026-08-23 09:13:06,868][0m Trial 2 finished with value: 0.6258233446144656 and parameters: {'dropout': 0.2870003842713345, 'd_model': 128, 'd_state': 52, 'num_layers': 2, 'expand': 4, 'mimo_rank': 1, 'lr': 0.00010835820934538592, 'weight_decay': 0.0015772534541227212, 'l1_lambda': 1.604019985285982e-08, 'gradient_clip': 3.6306821927240596, 'loss_type': 'focal', 'focal_gamma': 1.8119286550142553, 'optimizer_type': 'adamw', 'momentum': 0.968475832716839, 'scheduler_type': 'plateau'}. Best is trial 0 with value: 0.6300810178090863.[0m
  [Trial 002] value=0.6258
[32m[I 2026-08-23 09:40:28,460][0m Trial 3 finished with value: 0.6215973055303406 and parameters: {'dropout': 0.39402961639100426, 'd_model': 256, 'd_state': 13, 'num_layers': 7, 'expand': 4, 'mimo_rank': 8, 'lr': 0.00016699953624242785, 'weight_decay': 0.0007574543427323734, 'l1_lambda': 0.001043950803089373, 'gradient_clip': 2.5674829559239623, 'loss_type': 'ce', 'focal_gamma': 1.21319853187544, 'optimizer_type': 'adamw', 'momentum': 0.9572633809669607, 'scheduler_type': 'cosine'}. Best is trial 0 with value: 0.6300810178090863.[0m
  [Trial 003] value=0.6216
[32m[I 2026-08-23 09:42:46,340][0m Trial 4 finished with value: 0.6255693760009913 and parameters: {'dropout': 0.16823912681823114, 'd_model': 256, 'd_state': 9, 'num_layers': 6, 'expand': 2, 'mimo_rank': 1, 'lr': 5.3457405192368536e-05, 'weight_decay': 0.0017162252340423305, 'l1_lambda': 0.0005578794520621228, 'gradient_clip': 1.1656619802048134, 'loss_type': 'ce', 'focal_gamma': 2.438266248847701, 'optimizer_type': 'adamw', 'momentum': 0.7300876123202967, 'scheduler_type': 'plateau'}. Best is trial 0 with value: 0.6300810178090863.[0m
  [Trial 004] value=0.6256
[32m[I 2026-08-23 09:50:42,787][0m Trial 5 finished with value: 0.5647064790270327 and parameters: {'dropout': 0.09777107783814767, 'd_model': 256, 'd_state': 52, 'num_layers': 5, 'expand': 4, 'mimo_rank': 1, 'lr': 0.0021586599931044353, 'weight_decay': 0.0004674771120580084, 'l1_lambda': 0.00913343202206596, 'gradient_clip': 3.6277185414982243, 'loss_type': 'ce', 'focal_gamma': 3.766712977054065, 'optimizer_type': 'adamw', 'momentum': 0.702240310239691, 'scheduler_type': 'cosine'}. Best is trial 0 with value: 0.6300810178090863.[0m
  [Trial 005] value=0.5647
[32m[I 2026-08-23 09:51:25,734][0m Trial 6 finished with value: 0.6179360276448288 and parameters: {'dropout': 0.34139710100720905, 'd_model': 256, 'd_state': 54, 'num_layers': 1, 'expand': 2, 'mimo_rank': 1, 'lr': 0.00015337878543577756, 'weight_decay': 3.4346107761142314e-05, 'l1_lambda': 2.0687266807546675e-05, 'gradient_clip': 4.379298229086369, 'loss_type': 'focal', 'focal_gamma': 3.89961583248241, 'optimizer_type': 'adamw', 'momentum': 0.8284756755504253, 'scheduler_type': 'cosine'}. Best is trial 0 with value: 0.6300810178090863.[0m
  [Trial 006] value=0.6179
[32m[I 2026-08-23 09:57:37,416][0m Trial 7 finished with value: 0.6280011570393934 and parameters: {'dropout': 0.38469424145997455, 'd_model': 256, 'd_state': 20, 'num_layers': 3, 'expand': 2, 'mimo_rank': 8, 'lr': 0.0009260170318038571, 'weight_decay': 7.3363455969396045e-06, 'l1_lambda': 1.3229081051564311e-05, 'gradient_clip': 2.374914757759342, 'loss_type': 'ce', 'focal_gamma': 2.12857511631118, 'optimizer_type': 'adamw', 'momentum': 0.8943728032103301, 'scheduler_type': 'plateau'}. Best is trial 0 with value: 0.6300810178090863.[0m
  [Trial 007] value=0.6280
[32m[I 2026-08-23 09:58:23,305][0m Trial 8 finished with value: 0.6405789577007038 and parameters: {'dropout': 0.18133099028099237, 'd_model': 128, 'd_state': 9, 'num_layers': 2, 'expand': 2, 'mimo_rank': 2, 'lr': 0.0004377918242998898, 'weight_decay': 3.860702303715272e-05, 'l1_lambda': 1.4823280679456673e-07, 'gradient_clip': 1.615876860375336, 'loss_type': 'ce', 'focal_gamma': 2.05987812263688, 'optimizer_type': 'adamw', 'momentum': 0.7980212398716633, 'scheduler_type': 'plateau'}. Best is trial 8 with value: 0.6405789577007038.[0m
  [Trial 008] value=0.6406
[32m[I 2026-08-23 10:04:26,440][0m Trial 9 finished with value: 0.6353044597400466 and parameters: {'dropout': 0.22876571431062848, 'd_model': 32, 'd_state': 42, 'num_layers': 3, 'expand': 2, 'mimo_rank': 4, 'lr': 0.00015451598371103964, 'weight_decay': 4.249238340906029e-07, 'l1_lambda': 3.2748162705987426e-07, 'gradient_clip': 2.699892861662116, 'loss_type': 'focal', 'focal_gamma': 1.6154393423519413, 'optimizer_type': 'adamw', 'momentum': 0.9884823827614724, 'scheduler_type': 'plateau'}. Best is trial 8 with value: 0.6405789577007038.[0m
  [Trial 009] value=0.6353
[32m[I 2026-08-23 10:06:59,349][0m Trial 10 finished with value: 0.6305534635430872 and parameters: {'dropout': 0.06234626019055303, 'd_model': 128, 'd_state': 8, 'num_layers': 8, 'expand': 4, 'mimo_rank': 2, 'lr': 0.0013432240795317372, 'weight_decay': 1.4748094390475835e-07, 'l1_lambda': 5.452909206436596e-07, 'gradient_clip': 0.6079288753922609, 'loss_type': 'ce', 'focal_gamma': 4.926546068618384, 'optimizer_type': 'adamw', 'momentum': 0.7904126042635484, 'scheduler_type': 'plateau'}. Best is trial 8 with value: 0.6405789577007038.[0m
  [Trial 010] value=0.6306
[32m[I 2026-08-23 10:10:44,368][0m Trial 11 finished with value: 0.6303555820097234 and parameters: {'dropout': 0.19220316338401772, 'd_model': 32, 'd_state': 35, 'num_layers': 3, 'expand': 2, 'mimo_rank': 4, 'lr': 0.0003996910324695706, 'weight_decay': 5.796075642220726e-07, 'l1_lambda': 2.992006585650264e-07, 'gradient_clip': 1.5423172754420114, 'loss_type': 'focal', 'focal_gamma': 1.119278108480529, 'optimizer_type': 'adamw', 'momentum': 0.8015053716002334, 'scheduler_type': 'plateau'}. Best is trial 8 with value: 0.6405789577007038.[0m
  [Trial 011] value=0.6304
[32m[I 2026-08-23 10:14:43,851][0m Trial 12 finished with value: 0.6232574719459134 and parameters: {'dropout': 0.13964301573003501, 'd_model': 32, 'd_state': 31, 'num_layers': 3, 'expand': 2, 'mimo_rank': 4, 'lr': 0.00029561792860152404, 'weight_decay': 0.08003548983192213, 'l1_lambda': 1.1793728066249928e-08, 'gradient_clip': 1.8714899272321655, 'loss_type': 'focal', 'focal_gamma': 2.8389222991751306, 'optimizer_type': 'adamw', 'momentum': 0.8860728569280676, 'scheduler_type': 'plateau'}. Best is trial 8 with value: 0.6405789577007038.[0m
  [Trial 012] value=0.6233
[32m[I 2026-08-23 10:15:36,975][0m Trial 13 finished with value: 0.6333977776965418 and parameters: {'dropout': 0.2752102198326541, 'd_model': 128, 'd_state': 31, 'num_layers': 1, 'expand': 2, 'mimo_rank': 2, 'lr': 8.009154957859337e-05, 'weight_decay': 1.3410241432326232e-06, 'l1_lambda': 2.0948261047547187e-06, 'gradient_clip': 3.258414147711794, 'loss_type': 'focal', 'focal_gamma': 1.7755986815866611, 'optimizer_type': 'adamw', 'momentum': 0.762714286757747, 'scheduler_type': 'plateau'}. Best is trial 8 with value: 0.6405789577007038.[0m
  [Trial 013] value=0.6334
[32m[I 2026-08-23 10:18:30,959][0m Trial 14 finished with value: 0.6352426384278239 and parameters: {'dropout': 0.2447441517469481, 'd_model': 32, 'd_state': 13, 'num_layers': 4, 'expand': 2, 'mimo_rank': 4, 'lr': 0.0005862592945427754, 'weight_decay': 1.5006849601576641e-06, 'l1_lambda': 7.534957433801895e-08, 'gradient_clip': 1.8657404931590995, 'loss_type': 'ce', 'focal_gamma': 1.6241917551272986, 'optimizer_type': 'adamw', 'momentum': 0.8511601805714171, 'scheduler_type': 'plateau'}. Best is trial 8 with value: 0.6405789577007038.[0m
  [Trial 014] value=0.6352
[32m[I 2026-08-23 10:22:02,501][0m Trial 15 finished with value: 0.6186818945993893 and parameters: {'dropout': 0.12909570336619303, 'd_model': 32, 'd_state': 37, 'num_layers': 4, 'expand': 2, 'mimo_rank': 4, 'lr': 0.00027271394151721315, 'weight_decay': 1.0793171875117166e-07, 'l1_lambda': 2.4277184622670876e-06, 'gradient_clip': 0.8709820593484126, 'loss_type': 'focal', 'focal_gamma': 2.5265314807232757, 'optimizer_type': 'adamw', 'momentum': 0.8540354825900702, 'scheduler_type': 'plateau'}. Best is trial 8 with value: 0.6405789577007038.[0m
  [Trial 015] value=0.6187
[32m[I 2026-08-23 10:23:36,861][0m Trial 16 finished with value: 0.6358575807971979 and parameters: {'dropout': 0.2338554264573317, 'd_model': 128, 'd_state': 14, 'num_layers': 2, 'expand': 2, 'mimo_rank': 2, 'lr': 0.0004387045756118133, 'weight_decay': 0.00013994027717671793, 'l1_lambda': 8.030243073461587e-05, 'gradient_clip': 3.1465471494056767, 'loss_type': 'focal', 'focal_gamma': 3.134761402211225, 'optimizer_type': 'adamw', 'momentum': 0.9278198109911048, 'scheduler_type': 'plateau'}. Best is trial 8 with value: 0.6405789577007038.[0m
  [Trial 016] value=0.6359
[32m[I 2026-08-23 10:24:42,054][0m Trial 17 finished with value: 0.6354523053001783 and parameters: {'dropout': 0.17659575663708163, 'd_model': 128, 'd_state': 11, 'num_layers': 2, 'expand': 2, 'mimo_rank': 2, 'lr': 0.0008711714078422819, 'weight_decay': 0.00013053403310748729, 'l1_lambda': 0.0001223796349348128, 'gradient_clip': 3.2019028811887322, 'loss_type': 'ce', 'focal_gamma': 3.2896279813753644, 'optimizer_type': 'adamw', 'momentum': 0.926411367064452, 'scheduler_type': 'plateau'}. Best is trial 8 with value: 0.6405789577007038.[0m
  [Trial 017] value=0.6355
[32m[I 2026-08-23 10:25:43,107][0m Trial 18 finished with value: 0.6397630524601985 and parameters: {'dropout': 0.25479705252676205, 'd_model': 128, 'd_state': 16, 'num_layers': 1, 'expand': 4, 'mimo_rank': 2, 'lr': 0.0005010483738325728, 'weight_decay': 0.00789598437456163, 'l1_lambda': 6.519704378218195e-05, 'gradient_clip': 1.948498071875699, 'loss_type': 'ce', 'focal_gamma': 4.402475777031232, 'optimizer_type': 'adamw', 'momentum': 0.7665786805372442, 'scheduler_type': 'cosine'}. Best is trial 8 with value: 0.6405789577007038.[0m
  [Trial 018] value=0.6398
[32m[I 2026-08-23 10:26:18,930][0m Trial 19 finished with value: 0.6219044308936291 and parameters: {'dropout': 0.3368586131408396, 'd_model': 128, 'd_state': 24, 'num_layers': 1, 'expand': 4, 'mimo_rank': 2, 'lr': 0.001706522169741573, 'weight_decay': 0.014420642147355328, 'l1_lambda': 3.4135022088616383e-06, 'gradient_clip': 2.009058935650699, 'loss_type': 'ce', 'focal_gamma': 4.48936350987714, 'optimizer_type': 'adamw', 'momentum': 0.7483399574986367, 'scheduler_type': 'cosine'}. Best is trial 8 with value: 0.6405789577007038.[0m
  [Trial 019] value=0.6219
[32m[I 2026-08-23 10:27:16,537][0m Trial 20 finished with value: 0.6519896422680298 and parameters: {'dropout': 0.2765495421632738, 'd_model': 128, 'd_state': 16, 'num_layers': 1, 'expand': 4, 'mimo_rank': 2, 'lr': 0.0029097097420627753, 'weight_decay': 0.019062156155175744, 'l1_lambda': 5.355978108325116e-05, 'gradient_clip': 1.3116476129408636, 'loss_type': 'ce', 'focal_gamma': 4.41111955098225, 'optimizer_type': 'adamw', 'momentum': 0.7890096390425041, 'scheduler_type': 'cosine'}. Best is trial 20 with value: 0.6519896422680298.[0m
  [Trial 020] value=0.6520
[32m[I 2026-08-23 10:27:55,123][0m Trial 21 finished with value: 0.6339067084237094 and parameters: {'dropout': 0.2682979227344362, 'd_model': 128, 'd_state': 16, 'num_layers': 1, 'expand': 4, 'mimo_rank': 2, 'lr': 0.0009728419702997007, 'weight_decay': 0.00938188082822208, 'l1_lambda': 5.9654926176246545e-05, 'gradient_clip': 1.3929334272870892, 'loss_type': 'ce', 'focal_gamma': 4.405233593416993, 'optimizer_type': 'adamw', 'momentum': 0.7903243949408699, 'scheduler_type': 'cosine'}. Best is trial 20 with value: 0.6519896422680298.[0m
  [Trial 021] value=0.6339
[32m[I 2026-08-23 10:29:23,122][0m Trial 22 finished with value: 0.6387651175825405 and parameters: {'dropout': 0.29918363888512967, 'd_model': 128, 'd_state': 24, 'num_layers': 1, 'expand': 4, 'mimo_rank': 2, 'lr': 0.0013407117106346903, 'weight_decay': 0.09125488727650881, 'l1_lambda': 0.0003208361208305659, 'gradient_clip': 1.2602976357237368, 'loss_type': 'ce', 'focal_gamma': 4.266045463966343, 'optimizer_type': 'adamw', 'momentum': 0.8199147124432322, 'scheduler_type': 'cosine'}. Best is trial 20 with value: 0.6519896422680298.[0m
  [Trial 022] value=0.6388
[32m[I 2026-08-23 10:30:43,030][0m Trial 23 finished with value: 0.6230110170831223 and parameters: {'dropout': 0.20841990481114836, 'd_model': 128, 'd_state': 11, 'num_layers': 2, 'expand': 4, 'mimo_rank': 2, 'lr': 0.002818651993046902, 'weight_decay': 0.006859836380999704, 'l1_lambda': 2.6113822771872367e-05, 'gradient_clip': 1.9938237155775247, 'loss_type': 'ce', 'focal_gamma': 4.868893143691389, 'optimizer_type': 'adamw', 'momentum': 0.7570339293889157, 'scheduler_type': 'cosine'}. Best is trial 20 with value: 0.6519896422680298.[0m
  [Trial 023] value=0.6230
[32m[I 2026-08-23 10:31:14,844][0m Trial 24 finished with value: 0.6265791380813013 and parameters: {'dropout': 0.2605170585537007, 'd_model': 128, 'd_state': 10, 'num_layers': 1, 'expand': 4, 'mimo_rank': 2, 'lr': 0.0006228104535200633, 'weight_decay': 0.020559656965925016, 'l1_lambda': 5.9843854180835065e-06, 'gradient_clip': 0.8684111983265949, 'loss_type': 'ce', 'focal_gamma': 4.15188696607454, 'optimizer_type': 'adamw', 'momentum': 0.7750151209191155, 'scheduler_type': 'cosine'}. Best is trial 20 with value: 0.6519896422680298.[0m
  [Trial 024] value=0.6266
[32m[I 2026-08-23 10:34:54,096][0m Trial 25 finished with value: 0.6403887320484786 and parameters: {'dropout': 0.1477761779769438, 'd_model': 64, 'd_state': 16, 'num_layers': 2, 'expand': 4, 'mimo_rank': 8, 'lr': 0.0028829636031503982, 'weight_decay': 0.002167137270772244, 'l1_lambda': 0.00021350496908403626, 'gradient_clip': 1.592159927890615, 'loss_type': 'ce', 'focal_gamma': 4.669621408710507, 'optimizer_type': 'adamw', 'momentum': 0.718403586595787, 'scheduler_type': 'cosine'}. Best is trial 20 with value: 0.6519896422680298.[0m
  [Trial 025] value=0.6404
[32m[I 2026-08-23 10:38:34,518][0m Trial 26 finished with value: 0.637179416000499 and parameters: {'dropout': 0.15081843331908373, 'd_model': 64, 'd_state': 8, 'num_layers': 4, 'expand': 4, 'mimo_rank': 8, 'lr': 0.002977663019075712, 'weight_decay': 0.002895752828482099, 'l1_lambda': 0.00020545410632164825, 'gradient_clip': 0.5582238394662542, 'loss_type': 'ce', 'focal_gamma': 2.8108349295726245, 'optimizer_type': 'adamw', 'momentum': 0.7106576729492515, 'scheduler_type': 'cosine'}. Best is trial 20 with value: 0.6519896422680298.[0m
  [Trial 026] value=0.6372
[32m[I 2026-08-23 10:41:49,170][0m Trial 27 finished with value: 0.6211997486066663 and parameters: {'dropout': 0.10933697226708852, 'd_model': 64, 'd_state': 21, 'num_layers': 2, 'expand': 4, 'mimo_rank': 8, 'lr': 0.0018687209239758057, 'weight_decay': 0.00043937620172729795, 'l1_lambda': 0.001119318641823212, 'gradient_clip': 1.6245514489189583, 'loss_type': 'ce', 'focal_gamma': 4.641622072637567, 'optimizer_type': 'adamw', 'momentum': 0.8201746256315029, 'scheduler_type': 'cosine'}. Best is trial 20 with value: 0.6519896422680298.[0m
  [Trial 027] value=0.6212
[32m[I 2026-08-23 10:45:08,305][0m Trial 28 finished with value: 0.6292005893944289 and parameters: {'dropout': 0.051684774532094815, 'd_model': 64, 'd_state': 15, 'num_layers': 3, 'expand': 4, 'mimo_rank': 8, 'lr': 0.0013817052093097165, 'weight_decay': 0.026828620214418723, 'l1_lambda': 4.38367581543511e-08, 'gradient_clip': 2.2568730105800388, 'loss_type': 'ce', 'focal_gamma': 4.052700778045318, 'optimizer_type': 'adamw', 'momentum': 0.7344813178365034, 'scheduler_type': 'cosine'}. Best is trial 20 with value: 0.6519896422680298.[0m
  [Trial 028] value=0.6292
[32m[I 2026-08-23 10:51:07,702][0m Trial 29 finished with value: 0.6281713106211935 and parameters: {'dropout': 0.3202550301753573, 'd_model': 64, 'd_state': 11, 'num_layers': 6, 'expand': 4, 'mimo_rank': 8, 'lr': 0.002335755166408414, 'weight_decay': 4.5471319853402674e-05, 'l1_lambda': 7.809726041689074e-07, 'gradient_clip': 0.9917964137966692, 'loss_type': 'ce', 'focal_gamma': 3.469762540027034, 'optimizer_type': 'adamw', 'momentum': 0.7281155360988202, 'scheduler_type': 'cosine'}. Best is trial 20 with value: 0.6519896422680298.[0m
  [Trial 029] value=0.6282
